node	model	prediction	probability
AABM5X1(0)	XGBoost	anaerobe	0.000486426492
AABM5X2(1)	XGBoost	anaerobe	0.0001820615144
AABM5X3(2)	XGBoost	anaerobe	0.0002876376093
Abys1(3)	XGBoost	anaerobe	8.788240961621341e-7
Acid1(4)	XGBoost	aerobe	0.9926095605
Acid10(5)	XGBoost	aerobe	0.9884541631
Acid11(6)	XGBoost	anaerobe	0.0002266453957
Acid12(7)	XGBoost	anaerobe	0.2252688855
Acid13(8)	XGBoost	anaerobe	0.2496020049
Acid14(9)	XGBoost	aerobe	0.9925428629
Acid16(10)	XGBoost	aerobe	0.517636776
Acid17(11)	XGBoost	aerobe	0.9827526808
Acid18(12)	XGBoost	anaerobe	0.0001572779729
Acid2(13)	XGBoost	aerobe	0.9894654751
Acid20(14)	XGBoost	aerobe	0.9996540546
Acid21(15)	XGBoost	aerobe	0.9922885299
Acid22(16)	XGBoost	anaerobe	0.3883039653
Acid23(17)	XGBoost	aerobe	0.9995158911
Acid24(18)	XGBoost	aerobe	0.9958745837
Acid25(19)	XGBoost	anaerobe	0.001311294385
Acid26(20)	XGBoost	anaerobe	0.0005617642892
Acid27(21)	XGBoost	aerobe	0.9983460903
Acid28(22)	XGBoost	aerobe	0.967805028
Acid29(23)	XGBoost	aerobe	0.9997301698
Acid3(24)	XGBoost	aerobe	0.9997013211
Acid30(25)	XGBoost	aerobe	0.9911060929
Acid31(26)	XGBoost	anaerobe	0.00003654089596
Acid32(27)	XGBoost	anaerobe	0.001091812388
Acid33(28)	XGBoost	aerobe	0.9416991472
Acid34(29)	XGBoost	aerobe	0.9895758629
Acid35(30)	XGBoost	anaerobe	0.006497629918
Acid36(31)	XGBoost	aerobe	0.9984032512
Acid37(32)	XGBoost	aerobe	0.9953641891
Acid38(33)	XGBoost	aerobe	0.999774158
Acid39(34)	XGBoost	anaerobe	0.001274373033
Acid4(35)	XGBoost	aerobe	0.9766507745
Acid40(36)	XGBoost	aerobe	0.9993220568
Acid5(37)	XGBoost	aerobe	0.9941269159
Acid6(38)	XGBoost	aerobe	0.6041721106
Acid7(39)	XGBoost	aerobe	0.9107132554
Acid8(40)	XGBoost	anaerobe	0.00008634669211
Acid9(41)	XGBoost	anaerobe	0.004560527857
Acti10(42)	XGBoost	aerobe	0.9999824762
Acti11(43)	XGBoost	aerobe	0.98832196
Acti12(44)	XGBoost	aerobe	0.9978280663
Acti13(45)	XGBoost	aerobe	0.996040225
Acti14(46)	XGBoost	aerobe	0.9943268895
Acti15(47)	XGBoost	aerobe	0.9989376664
Acti16(48)	XGBoost	aerobe	0.9959180951
Acti18(49)	XGBoost	aerobe	0.98000139
Acti19(50)	XGBoost	aerobe	0.9874342084
Acti2(51)	XGBoost	anaerobe	0.0003691283637
Acti20(52)	XGBoost	anaerobe	0.00001771008647
Acti21(53)	XGBoost	aerobe	0.9999951124
Acti22(54)	XGBoost	aerobe	0.8394107819
Acti23(55)	XGBoost	aerobe	0.9713587761
Acti24(56)	XGBoost	anaerobe	3.193297516190796e-6
Acti25(57)	XGBoost	aerobe	0.9917315841
Acti26(58)	XGBoost	aerobe	0.7261891961
Acti27(59)	XGBoost	anaerobe	0.0000135682867
Acti28(60)	XGBoost	aerobe	0.9999967813
Acti29(61)	XGBoost	anaerobe	0.00002156625851
Acti3(62)	XGBoost	aerobe	0.9923336506
Acti30(63)	XGBoost	anaerobe	0.000104606399
Acti31(64)	XGBoost	aerobe	0.9912121892
Acti32(65)	XGBoost	aerobe	0.9999428988
Acti33(66)	XGBoost	aerobe	0.9962587357
Acti34(67)	XGBoost	aerobe	0.9993913174
Acti35(68)	XGBoost	aerobe	0.9998550415
Acti36(69)	XGBoost	aerobe	0.9999989271
Acti37(70)	XGBoost	aerobe	0.9999866486
Acti38(71)	XGBoost	aerobe	0.9998036027
Acti39(72)	XGBoost	anaerobe	1.5345425197210716e-7
Acti4(73)	XGBoost	aerobe	0.9980762005
Acti40(74)	XGBoost	aerobe	0.9994536042
Acti41(75)	XGBoost	aerobe	0.9748104811
Acti42(76)	XGBoost	aerobe	0.9942103624
Acti43(77)	XGBoost	aerobe	0.9999660254
Acti44(78)	XGBoost	aerobe	0.9537939429
Acti45(79)	XGBoost	aerobe	0.9988293052
Acti46(80)	XGBoost	aerobe	0.9999480247
Acti47(81)	XGBoost	aerobe	0.9995780587
Acti48(82)	XGBoost	aerobe	0.903570354
Acti49(83)	XGBoost	aerobe	0.9998750687
Acti5(84)	XGBoost	anaerobe	0.0000112890566
Acti50(85)	XGBoost	aerobe	0.9998972416
Acti51(86)	XGBoost	anaerobe	0.00001024074209
Acti52(87)	XGBoost	aerobe	0.9917544127
Acti6(88)	XGBoost	aerobe	0.8856981993
Acti7(89)	XGBoost	aerobe	0.9992650151
Acti8(90)	XGBoost	anaerobe	0.00001897730726
Acti9(91)	XGBoost	anaerobe	0.0002063142456
Aero1(92)	XGBoost	anaerobe	6.656415280303918e-6
Aqui1(93)	XGBoost	anaerobe	0.08431386948
Aqui2(94)	XGBoost	anaerobe	0.004630346783
Aqui3(95)	XGBoost	anaerobe	0.00002632267569
Aqui4(96)	XGBoost	aerobe	0.8568080068
Aqui5(97)	XGBoost	anaerobe	0.006920377258
Aqui6(98)	XGBoost	anaerobe	0.004549740348
Arma11(99)	XGBoost	aerobe	0.7533963919
Arma12(100)	XGBoost	aerobe	0.9628930688
Arma13(101)	XGBoost	aerobe	0.9553437829
Arma14(102)	XGBoost	anaerobe	0.0001127197538
Arma15(103)	XGBoost	aerobe	0.968010664
Arma16(104)	XGBoost	aerobe	0.9978311658
Arma3(105)	XGBoost	aerobe	0.9867113233
Arma4(106)	XGBoost	anaerobe	0.0000422451958
Arma6(107)	XGBoost	aerobe	0.9996887445
Arma7(108)	XGBoost	anaerobe	0.03985165432
Arma9(109)	XGBoost	anaerobe	0.3373166621
Aure1(110)	XGBoost	anaerobe	0.00002433073314
Aure2(111)	XGBoost	anaerobe	0.0001477650367
Aure3(112)	XGBoost	anaerobe	4.777452431881102e-6
B130X1(113)	XGBoost	anaerobe	0.00005913417408
BMS3X1(114)	XGBoost	anaerobe	1.8565696109362761e-6
Bact1(115)	XGBoost	aerobe	0.9955105782
Bact10(116)	XGBoost	aerobe	0.9766644239
Bact11(117)	XGBoost	aerobe	0.995182693
Bact12(118)	XGBoost	anaerobe	0.4255859852
Bact13(119)	XGBoost	aerobe	0.9973689318
Bact14(120)	XGBoost	anaerobe	0.02994592302
Bact16(121)	XGBoost	aerobe	0.9988577366
Bact17(122)	XGBoost	aerobe	0.9959873557
Bact18(123)	XGBoost	anaerobe	0.001192650991
Bact19(124)	XGBoost	aerobe	0.9999912977
Bact2(125)	XGBoost	aerobe	0.9826577306
Bact20(126)	XGBoost	aerobe	0.6148808599
Bact21(127)	XGBoost	anaerobe	0.00008952058124
Bact22(128)	XGBoost	anaerobe	0.004279141314
Bact23(129)	XGBoost	anaerobe	0.001176605234
Bact24(130)	XGBoost	aerobe	0.9675393701
Bact25(131)	XGBoost	aerobe	0.9994568229
Bact27(132)	XGBoost	aerobe	0.9999274015
Bact28(133)	XGBoost	anaerobe	0.04669050872
Bact29(134)	XGBoost	anaerobe	0.000154041074
Bact3(135)	XGBoost	aerobe	0.909376502
Bact30(136)	XGBoost	anaerobe	0.006471496075
Bact31(137)	XGBoost	anaerobe	0.0007326607592
Bact32(138)	XGBoost	anaerobe	0.003905797377
Bact33(139)	XGBoost	aerobe	0.9997218251
Bact34(140)	XGBoost	anaerobe	0.02751769871
Bact35(141)	XGBoost	aerobe	0.9998196959
Bact36(142)	XGBoost	aerobe	0.9999748468
Bact37(143)	XGBoost	aerobe	0.9999517202
Bact38(144)	XGBoost	anaerobe	0.0001167515584
Bact39(145)	XGBoost	aerobe	0.984462142
Bact4(146)	XGBoost	anaerobe	0.07279280573
Bact40(147)	XGBoost	aerobe	0.9998575449
Bact41(148)	XGBoost	aerobe	0.9999312162
Bact42(149)	XGBoost	aerobe	0.9999673367
Bact43(150)	XGBoost	aerobe	0.6018562913
Bact44(151)	XGBoost	aerobe	0.9999760389
Bact5(152)	XGBoost	aerobe	0.9973415732
Bact6(153)	XGBoost	aerobe	0.9992664456
Bact7(154)	XGBoost	anaerobe	0.4242279828
Bact8(155)	XGBoost	anaerobe	0.1023941934
Bact9(156)	XGBoost	anaerobe	0.004258980975
Bdell10(157)	XGBoost	anaerobe	0.4339919686
Bdell11(158)	XGBoost	aerobe	0.9949470162
Bdell12(159)	XGBoost	aerobe	0.9990590215
Bdell13(160)	XGBoost	aerobe	0.9992761016
Bdell14(161)	XGBoost	anaerobe	0.03284397721
Bdell15(162)	XGBoost	anaerobe	0.00008126219473
Bdell16(163)	XGBoost	aerobe	0.9980313182
Bdell17(164)	XGBoost	aerobe	0.9985628724
Bdell2(165)	XGBoost	anaerobe	0.08339576423
Bdell3(166)	XGBoost	aerobe	0.9998347759
Bdell4(167)	XGBoost	anaerobe	0.0368559733
Bdell5(168)	XGBoost	aerobe	0.9985849857
Bdell6(169)	XGBoost	aerobe	0.9969545603
Bdell7(170)	XGBoost	aerobe	0.9979903698
Bdell9(171)	XGBoost	aerobe	0.9994296432
BdellC1(172)	XGBoost	aerobe	0.9736319184
BdellC2(173)	XGBoost	aerobe	0.997721374
Bipo1(174)	XGBoost	anaerobe	0.1104143113
Bipo2(175)	XGBoost	anaerobe	1.7962889842237928e-6
CG267X1(176)	XGBoost	anaerobe	0.00003379599366
CG294X1(177)	XGBoost	anaerobe	0.0006628493429
CSP1X1(178)	XGBoost	aerobe	0.6673890948
Calda1(179)	XGBoost	anaerobe	1.914951553771971e-6
Calda2(180)	XGBoost	anaerobe	4.976213858753908e-7
Caldit1(181)	XGBoost	anaerobe	0.04139106348
Caldit2(182)	XGBoost	aerobe	0.9533188343
Caldit3(183)	XGBoost	anaerobe	0.00001392706417
Camp1(184)	XGBoost	anaerobe	0.000991008128
Camp10(185)	XGBoost	anaerobe	0.0005975136301
Camp11(186)	XGBoost	anaerobe	0.00001650580998
Camp12(187)	XGBoost	anaerobe	0.00007292683586
Camp13(188)	XGBoost	anaerobe	0.0001195113655
Camp14(189)	XGBoost	anaerobe	0.0001285617182
Camp15(190)	XGBoost	anaerobe	0.000010042555
Camp16(191)	XGBoost	aerobe	0.5310131907
Camp2(192)	XGBoost	anaerobe	0.1333078295
Camp3(193)	XGBoost	anaerobe	0.009726559743
Camp4(194)	XGBoost	anaerobe	0.1258278042
Camp5(195)	XGBoost	anaerobe	0.00004624027133
Camp6(196)	XGBoost	anaerobe	3.146319897950889e-7
Camp7(197)	XGBoost	anaerobe	0.0002776097972
Camp9(198)	XGBoost	anaerobe	9.034918093675515e-7
Chlo10(199)	XGBoost	aerobe	0.9532868862
Chlo11(200)	XGBoost	anaerobe	0.00004441758938
Chlo12(201)	XGBoost	aerobe	0.9494701624
Chlo13(202)	XGBoost	anaerobe	0.03244853765
Chlo14(203)	XGBoost	aerobe	0.9846545458
Chlo15(204)	XGBoost	anaerobe	0.0000212529394
Chlo16(205)	XGBoost	aerobe	0.8552318215
Chlo17(206)	XGBoost	anaerobe	0.1311520338
Chlo18(207)	XGBoost	anaerobe	0.05204371735
Chlo19(208)	XGBoost	aerobe	0.9889156818
Chlo20(209)	XGBoost	anaerobe	4.060335868416587e-6
Chlo21(210)	XGBoost	aerobe	0.9952859282
Chlo22(211)	XGBoost	anaerobe	0.01340806764
Chlo23(212)	XGBoost	anaerobe	0.00007235025259
Chlo24(213)	XGBoost	anaerobe	3.7775356531710713e-7
Chlo25(214)	XGBoost	aerobe	0.9880907536
Chlo26(215)	XGBoost	anaerobe	0.0002194966655
Chlo27(216)	XGBoost	aerobe	0.9972903728
Chlo28(217)	XGBoost	anaerobe	0.00002002242036
Chlo29(218)	XGBoost	anaerobe	0.00001933997009
Chlo30(219)	XGBoost	anaerobe	0.009784587659
Chlo31(220)	XGBoost	aerobe	0.9679079056
Chlo32(221)	XGBoost	anaerobe	0.2500728071
Chlo33(222)	XGBoost	anaerobe	0.07235158235
Chlo34(223)	XGBoost	aerobe	0.9175587893
Chlo35(224)	XGBoost	anaerobe	0.29691571
Chlo36(225)	XGBoost	aerobe	0.9932891726
Chlo37(226)	XGBoost	aerobe	0.9069830179
Chlo38(227)	XGBoost	aerobe	0.9904863238
Chlo39(228)	XGBoost	anaerobe	0.00005081495328
Chlo4(229)	XGBoost	aerobe	0.8488450646
Chlo40(230)	XGBoost	aerobe	0.951736033
Chlo41(231)	XGBoost	anaerobe	6.0538122852449305e-6
Chlo42(232)	XGBoost	aerobe	0.9979229569
Chlo43(233)	XGBoost	aerobe	0.9787294865
Chlo44(234)	XGBoost	aerobe	0.7735239267
Chlo45(235)	XGBoost	anaerobe	0.00009128414968
Chlo46(236)	XGBoost	anaerobe	0.001391997561
Chlo47(237)	XGBoost	aerobe	0.5612612367
Chlo48(238)	XGBoost	anaerobe	0.09247412533
Chlo5(239)	XGBoost	anaerobe	4.803634965355741e-6
Chlo6(240)	XGBoost	anaerobe	0.0003753000929
Chlo7(241)	XGBoost	anaerobe	0.006316441577
Chlo8(242)	XGBoost	aerobe	0.911791563
Chlo9(243)	XGBoost	anaerobe	0.00005374427565
Chry1(244)	XGBoost	anaerobe	0.0000854992395
Cloa1(245)	XGBoost	anaerobe	8.342642104253173e-6
Cyan1(246)	XGBoost	anaerobe	0.0003165953385
Cyan10(247)	XGBoost	aerobe	0.9999939203
Cyan11(248)	XGBoost	aerobe	0.9996372461
Cyan12(249)	XGBoost	aerobe	0.9396061301
Cyan13(250)	XGBoost	aerobe	0.8302452564
Cyan14(251)	XGBoost	aerobe	0.9999952316
Cyan15(252)	XGBoost	aerobe	0.9999344349
Cyan16(253)	XGBoost	aerobe	0.9999969006
Cyan18(254)	XGBoost	aerobe	0.9463876486
Cyan19(255)	XGBoost	aerobe	0.9999827147
Cyan2(256)	XGBoost	aerobe	0.9260635972
Cyan20(257)	XGBoost	aerobe	0.9999135733
Cyan21(258)	XGBoost	aerobe	0.9999724627
Cyan22(259)	XGBoost	aerobe	0.999989748
Cyan23(260)	XGBoost	aerobe	0.9999939203
Cyan24(261)	XGBoost	aerobe	0.999994278
Cyan25(262)	XGBoost	aerobe	0.9999929667
Cyan26(263)	XGBoost	aerobe	0.9999835491
Cyan27(264)	XGBoost	aerobe	0.9999132156
Cyan28(265)	XGBoost	aerobe	0.9997949004
Cyan29(266)	XGBoost	aerobe	0.9999885559
Cyan3(267)	XGBoost	aerobe	0.9999496937
Cyan30(268)	XGBoost	aerobe	0.9999983311
Cyan31(269)	XGBoost	aerobe	0.9999866486
Cyan32(270)	XGBoost	aerobe	0.9999936819
Cyan33(271)	XGBoost	aerobe	0.9999859333
Cyan34(272)	XGBoost	aerobe	0.9999843836
Cyan35(273)	XGBoost	aerobe	0.9999911785
Cyan36(274)	XGBoost	aerobe	0.9999693632
Cyan37(275)	XGBoost	aerobe	0.9997574687
Cyan38(276)	XGBoost	aerobe	0.9995839
Cyan4(277)	XGBoost	anaerobe	0.003188229399
Cyan40(278)	XGBoost	aerobe	0.9999908209
Cyan41(279)	XGBoost	aerobe	0.999994278
Cyan42(280)	XGBoost	aerobe	0.9997569919
Cyan43(281)	XGBoost	aerobe	0.9994476438
Cyan44(282)	XGBoost	aerobe	0.9999577999
Cyan45(283)	XGBoost	aerobe	0.999997139
Cyan46(284)	XGBoost	aerobe	0.999899745
Cyan47(285)	XGBoost	aerobe	0.9999539852
Cyan7(286)	XGBoost	aerobe	0.9993733764
Cyan8(287)	XGBoost	aerobe	0.9957352877
Cyan9(288)	XGBoost	anaerobe	0.004615338519
DTU0X1(289)	XGBoost	anaerobe	2.1740272586612264e-6
Defe1(290)	XGBoost	anaerobe	1.6785046454970143e-6
Defe2(291)	XGBoost	anaerobe	1.4765746527700685e-6
Defe3(292)	XGBoost	anaerobe	2.288063342348323e-6
Dein1(293)	XGBoost	aerobe	0.9683752656
Dein2(294)	XGBoost	aerobe	0.9996645451
Dein3(295)	XGBoost	aerobe	0.9989073277
Dein4(296)	XGBoost	aerobe	0.9998218417
Dein5(297)	XGBoost	aerobe	0.9996058345
Dein6(298)	XGBoost	aerobe	0.9994520545
Dein7(299)	XGBoost	aerobe	0.9992868304
Desa1(300)	XGBoost	anaerobe	8.080555744527373e-6
DesuB1(301)	XGBoost	aerobe	0.9664057493
DesuB2(302)	XGBoost	aerobe	0.9843242168
DesuB3(303)	XGBoost	aerobe	0.9756391644
DesuB4(304)	XGBoost	aerobe	0.9840346575
DesuC1(305)	XGBoost	anaerobe	7.062412805680651e-6
DesuC2(306)	XGBoost	anaerobe	3.255678677760443e-7
DesuD1(307)	XGBoost	aerobe	0.9611654282
DesuD2(308)	XGBoost	aerobe	0.9978947043
Desua1(309)	XGBoost	anaerobe	8.027099283935968e-6
Desua10(310)	XGBoost	anaerobe	2.7483287112772814e-7
Desua11(311)	XGBoost	anaerobe	2.2574496938432276e-7
Desua12(312)	XGBoost	anaerobe	7.135318469408958e-7
Desua13(313)	XGBoost	anaerobe	4.4986798286572593e-8
Desua14(314)	XGBoost	anaerobe	2.930090090558224e-7
Desua15(315)	XGBoost	anaerobe	0.001360403956
Desua16(316)	XGBoost	anaerobe	0.001239992096
Desua17(317)	XGBoost	anaerobe	0.0002058721147
Desua18(318)	XGBoost	anaerobe	0.0006028670468
Desua19(319)	XGBoost	anaerobe	3.7756873183525386e-8
Desua2(320)	XGBoost	anaerobe	1.4082361303735524e-6
Desua20(321)	XGBoost	anaerobe	4.110078407393303e-6
Desua21(322)	XGBoost	anaerobe	0.00005030326065
Desua22(323)	XGBoost	anaerobe	1.1067510286011384e-6
Desua23(324)	XGBoost	anaerobe	2.3011011762719136e-6
Desua24(325)	XGBoost	anaerobe	0.0007090315921
Desua25(326)	XGBoost	anaerobe	2.1529356786231801e-7
Desua26(327)	XGBoost	anaerobe	3.2215316991823784e-7
Desua27(328)	XGBoost	anaerobe	1.4204306353349239e-6
Desua28(329)	XGBoost	anaerobe	0.0000534245446
Desua29(330)	XGBoost	anaerobe	1.7974268757825484e-6
Desua3(331)	XGBoost	anaerobe	6.569979404957849e-7
Desua30(332)	XGBoost	anaerobe	2.7862387241839315e-7
Desua31(333)	XGBoost	anaerobe	2.5989652385760564e-7
Desua32(334)	XGBoost	anaerobe	1.0188276746703195e-6
Desua33(335)	XGBoost	anaerobe	3.4216063227177074e-7
Desua34(336)	XGBoost	anaerobe	1.297572680414305e-7
Desua35(337)	XGBoost	anaerobe	0.0002509215556
Desua36(338)	XGBoost	anaerobe	7.224730893540254e-7
Desua37(339)	XGBoost	anaerobe	0.00003392606232
Desua38(340)	XGBoost	anaerobe	5.589190550381318e-7
Desua39(341)	XGBoost	anaerobe	8.366062331788271e-8
Desua4(342)	XGBoost	anaerobe	0.00002410803609
Desua40(343)	XGBoost	anaerobe	2.552887679030391e-8
Desua41(344)	XGBoost	anaerobe	6.394153388100676e-6
Desua42(345)	XGBoost	anaerobe	8.651969807260684e-8
Desua43(346)	XGBoost	anaerobe	4.646062023994091e-8
Desua44(347)	XGBoost	anaerobe	9.602006656450612e-8
Desua45(348)	XGBoost	anaerobe	3.66633798876137e-6
Desua46(349)	XGBoost	anaerobe	2.3484106748128397e-7
Desua47(350)	XGBoost	anaerobe	7.882110253376595e-7
Desua48(351)	XGBoost	anaerobe	5.0199705725617605e-8
Desua49(352)	XGBoost	anaerobe	0.00001101387534
Desua5(353)	XGBoost	anaerobe	7.90619378676638e-6
Desua50(354)	XGBoost	anaerobe	8.958525654634286e-8
Desua51(355)	XGBoost	anaerobe	0.00001175598572
Desua52(356)	XGBoost	anaerobe	1.3574378066039117e-8
Desua53(357)	XGBoost	anaerobe	4.384092790132854e-6
Desua54(358)	XGBoost	anaerobe	8.044458610356742e-8
Desua6(359)	XGBoost	anaerobe	1.3614070439871284e-6
Desua7(360)	XGBoost	anaerobe	5.664395530402544e-7
Desua8(361)	XGBoost	anaerobe	6.793236906332822e-8
Desua9(362)	XGBoost	anaerobe	0.00033157281
Dict1(363)	XGBoost	anaerobe	5.192544449528214e-6
Dorm1(364)	XGBoost	aerobe	0.9987795949
Dorm2(365)	XGBoost	aerobe	0.9977265
Dorm3(366)	XGBoost	aerobe	0.9967394471
Dorm4(367)	XGBoost	aerobe	0.9795929193
Dorm5(368)	XGBoost	aerobe	0.9840106368
Edwa1(369)	XGBoost	anaerobe	4.842173439101316e-6
Eise1(370)	XGBoost	aerobe	0.8961309195
Eise2(371)	XGBoost	aerobe	0.9986668825
Eise3(372)	XGBoost	aerobe	0.9935791492
Eise4(373)	XGBoost	aerobe	0.5672384501
Elus1(374)	XGBoost	anaerobe	0.0000267874384
Elus10(375)	XGBoost	anaerobe	0.00009382871212
Elus2(376)	XGBoost	anaerobe	7.509811894124141e-6
Elus3(377)	XGBoost	aerobe	0.9728105664
Elus4(378)	XGBoost	aerobe	0.8001652956
Elus5(379)	XGBoost	anaerobe	0.00003220470899
Elus6(380)	XGBoost	anaerobe	0.4273066819
Elus7(381)	XGBoost	anaerobe	0.0001290826767
Elus8(382)	XGBoost	anaerobe	0.00004856138185
Elus9(383)	XGBoost	anaerobe	0.00007016943709
Erem2(384)	XGBoost	anaerobe	0.000520361762
Erem3(385)	XGBoost	aerobe	0.9985135198
Erem4(386)	XGBoost	aerobe	0.9993917942
Erem5(387)	XGBoost	aerobe	0.9981014132
Erem6(388)	XGBoost	aerobe	0.9959627986
FCPU1(389)	XGBoost	aerobe	0.8270704746
FCPU2(390)	XGBoost	aerobe	0.970302403
Ferm1(391)	XGBoost	anaerobe	0.0001149786403
Fibr1(392)	XGBoost	anaerobe	0.007251406554
Fibr2(393)	XGBoost	anaerobe	0.00007044579979
Fibr3(394)	XGBoost	anaerobe	2.6870611691265367e-6
Fibr4(395)	XGBoost	anaerobe	0.00001185509427
Fibr5(396)	XGBoost	anaerobe	5.521431830857182e-6
Fibr6(397)	XGBoost	anaerobe	0.0003167689429
Fire1(398)	XGBoost	anaerobe	0.00001262622118
FirmA1(399)	XGBoost	anaerobe	8.145579158735927e-6
FirmA10(400)	XGBoost	anaerobe	3.872627075907076e-6
FirmA100(401)	XGBoost	anaerobe	6.716297320963349e-6
FirmA101(402)	XGBoost	anaerobe	2.5464930786256446e-7
FirmA102(403)	XGBoost	anaerobe	5.564040179706353e-7
FirmA103(404)	XGBoost	anaerobe	1.4785587154619861e-6
FirmA104(405)	XGBoost	anaerobe	2.6231759875372518e-8
FirmA105(406)	XGBoost	anaerobe	2.286850531163509e-6
FirmA106(407)	XGBoost	anaerobe	3.80704341296223e-6
FirmA107(408)	XGBoost	anaerobe	1.2138725651311688e-6
FirmA108(409)	XGBoost	anaerobe	8.553715247217042e-8
FirmA109(410)	XGBoost	anaerobe	7.878450560383499e-6
FirmA11(411)	XGBoost	anaerobe	6.148443389975e-7
FirmA110(412)	XGBoost	anaerobe	4.238338533468777e-6
FirmA111(413)	XGBoost	anaerobe	7.39821999218293e-8
FirmA112(414)	XGBoost	anaerobe	5.274422392176348e-7
FirmA113(415)	XGBoost	anaerobe	0.004618860316
FirmA114(416)	XGBoost	anaerobe	5.8611203712644055e-6
FirmA12(417)	XGBoost	anaerobe	7.874559173615125e-7
FirmA14(418)	XGBoost	anaerobe	6.080493619720073e-8
FirmA16(419)	XGBoost	anaerobe	1.5140835785132367e-7
FirmA18(420)	XGBoost	anaerobe	1.1124800494144438e-6
FirmA19(421)	XGBoost	anaerobe	9.033421122239815e-8
FirmA2(422)	XGBoost	anaerobe	0.0001553459006
FirmA20(423)	XGBoost	anaerobe	0.05204367265
FirmA21(424)	XGBoost	anaerobe	6.569341337581136e-8
FirmA24(425)	XGBoost	anaerobe	0.00006421560101
FirmA25(426)	XGBoost	anaerobe	1.2567817293529515e-6
FirmA26(427)	XGBoost	anaerobe	3.973608784235694e-7
FirmA27(428)	XGBoost	anaerobe	3.0697856345796026e-7
FirmA28(429)	XGBoost	anaerobe	6.128134373284411e-6
FirmA29(430)	XGBoost	anaerobe	0.0586553812
FirmA30(431)	XGBoost	anaerobe	7.698654371779412e-7
FirmA31(432)	XGBoost	anaerobe	1.763693944667466e-6
FirmA32(433)	XGBoost	anaerobe	5.996794811835571e-7
FirmA33(434)	XGBoost	anaerobe	1.0197803703704267e-6
FirmA34(435)	XGBoost	anaerobe	1.6682497516740113e-6
FirmA35(436)	XGBoost	anaerobe	5.221467063165619e-7
FirmA36(437)	XGBoost	anaerobe	0.0004431795969
FirmA37(438)	XGBoost	anaerobe	2.100824048056893e-7
FirmA38(439)	XGBoost	anaerobe	1.741286759227023e-8
FirmA39(440)	XGBoost	anaerobe	4.508007833692318e-8
FirmA40(441)	XGBoost	anaerobe	0.00004740214354
FirmA41(442)	XGBoost	anaerobe	5.797804760732106e-7
FirmA42(443)	XGBoost	anaerobe	6.094849140936276e-6
FirmA43(444)	XGBoost	anaerobe	1.431487675063181e-7
FirmA44(445)	XGBoost	anaerobe	3.8728044273739215e-6
FirmA45(446)	XGBoost	anaerobe	9.172960744763259e-6
FirmA46(447)	XGBoost	anaerobe	1.999029791477369e-6
FirmA47(448)	XGBoost	anaerobe	0.00002520204725
FirmA48(449)	XGBoost	anaerobe	4.202392574370606e-6
FirmA49(450)	XGBoost	anaerobe	0.00001125350991
FirmA5(451)	XGBoost	anaerobe	4.6353696347978257e-7
FirmA50(452)	XGBoost	anaerobe	0.00001693565355
FirmA51(453)	XGBoost	anaerobe	0.0006691648741
FirmA52(454)	XGBoost	anaerobe	1.1245979294471908e-6
FirmA53(455)	XGBoost	anaerobe	3.0304414622150944e-7
FirmA54(456)	XGBoost	anaerobe	1.604312700465016e-7
FirmA55(457)	XGBoost	anaerobe	0.00002173459143
FirmA56(458)	XGBoost	anaerobe	1.907849764393177e-6
FirmA57(459)	XGBoost	anaerobe	5.537625042961736e-7
FirmA58(460)	XGBoost	anaerobe	1.1168991704835207e-6
FirmA59(461)	XGBoost	anaerobe	7.144633968891867e-7
FirmA6(462)	XGBoost	anaerobe	1.3187786862545181e-6
FirmA60(463)	XGBoost	anaerobe	3.6987567000323907e-6
FirmA61(464)	XGBoost	anaerobe	0.0000205592678
FirmA62(465)	XGBoost	anaerobe	8.980423871207677e-8
FirmA63(466)	XGBoost	anaerobe	0.00002091200076
FirmA64(467)	XGBoost	anaerobe	2.7886840143764857e-6
FirmA65(468)	XGBoost	anaerobe	8.709744179213885e-7
FirmA66(469)	XGBoost	anaerobe	0.00003922708493
FirmA67(470)	XGBoost	anaerobe	1.3016986599723168e-7
FirmA68(471)	XGBoost	anaerobe	2.249078534077853e-6
FirmA69(472)	XGBoost	anaerobe	5.0728981477732304e-6
FirmA7(473)	XGBoost	anaerobe	0.00001402522867
FirmA70(474)	XGBoost	anaerobe	2.5119918518612394e-6
FirmA71(475)	XGBoost	anaerobe	3.280108842318441e-7
FirmA72(476)	XGBoost	anaerobe	5.08449943481537e-7
FirmA73(477)	XGBoost	anaerobe	1.8965841945828288e-6
FirmA74(478)	XGBoost	anaerobe	1.1620998918715486e-7
FirmA75(479)	XGBoost	anaerobe	0.00003293207192
FirmA76(480)	XGBoost	anaerobe	1.2414931234161486e-6
FirmA77(481)	XGBoost	anaerobe	1.4010734048497397e-6
FirmA78(482)	XGBoost	anaerobe	3.834733206531382e-7
FirmA79(483)	XGBoost	anaerobe	1.012509414977103e-6
FirmA8(484)	XGBoost	anaerobe	0.001773621072
FirmA80(485)	XGBoost	anaerobe	0.00002276343184
FirmA81(486)	XGBoost	anaerobe	5.187215492696851e-7
FirmA83(487)	XGBoost	anaerobe	6.755810773029225e-6
FirmA84(488)	XGBoost	anaerobe	4.180106714102294e-7
FirmA85(489)	XGBoost	anaerobe	1.57921579102549e-6
FirmA86(490)	XGBoost	anaerobe	0.00002541991489
FirmA87(491)	XGBoost	anaerobe	2.1214586354290077e-7
FirmA88(492)	XGBoost	anaerobe	1.111080450755253e-6
FirmA89(493)	XGBoost	anaerobe	0.00001845327097
FirmA9(494)	XGBoost	anaerobe	0.0004434696748
FirmA90(495)	XGBoost	anaerobe	1.0433296893097577e-6
FirmA91(496)	XGBoost	anaerobe	2.1820085294166347e-7
FirmA92(497)	XGBoost	anaerobe	9.100266993300465e-7
FirmA93(498)	XGBoost	anaerobe	2.4227081212302437e-6
FirmA94(499)	XGBoost	anaerobe	1.3794345932183205e-6
FirmA95(500)	XGBoost	anaerobe	1.377660794332769e-7
FirmA96(501)	XGBoost	anaerobe	1.2882219380117022e-6
FirmA97(502)	XGBoost	anaerobe	6.087675046728691e-6
FirmA98(503)	XGBoost	anaerobe	9.385592420585454e-6
FirmA99(504)	XGBoost	anaerobe	3.894114684044325e-7
FirmB1(505)	XGBoost	anaerobe	7.119949714251561e-7
FirmB10(506)	XGBoost	anaerobe	1.6777381688370951e-6
FirmB11(507)	XGBoost	anaerobe	7.869868312582184e-8
FirmB12(508)	XGBoost	anaerobe	8.201445780287031e-7
FirmB13(509)	XGBoost	anaerobe	5.905895363866875e-7
FirmB14(510)	XGBoost	anaerobe	1.3192178585086367e-6
FirmB15(511)	XGBoost	anaerobe	5.473072661743572e-8
FirmB16(512)	XGBoost	anaerobe	1.9034668241602049e-7
FirmB17(513)	XGBoost	anaerobe	1.452740093554894e-6
FirmB2(514)	XGBoost	anaerobe	4.886247211288719e-7
FirmB3(515)	XGBoost	anaerobe	2.803253664751537e-7
FirmB4(516)	XGBoost	anaerobe	5.7424908845860045e-6
FirmB5(517)	XGBoost	anaerobe	1.6103874713735422e-6
FirmB6(518)	XGBoost	anaerobe	1.4152221865515457e-6
FirmB7(519)	XGBoost	anaerobe	2.4037899493123405e-7
FirmB8(520)	XGBoost	anaerobe	6.829952212683565e-7
FirmB9(521)	XGBoost	anaerobe	1.314105588789971e-7
FirmC1(522)	XGBoost	anaerobe	1.343403710052371e-6
FirmC10(523)	XGBoost	anaerobe	0.00001953866376
FirmC11(524)	XGBoost	anaerobe	1.0027960115621681e-6
FirmC12(525)	XGBoost	anaerobe	5.010227823731839e-7
FirmC13(526)	XGBoost	anaerobe	1.561025726459775e-7
FirmC14(527)	XGBoost	anaerobe	1.1903816812264267e-6
FirmC15(528)	XGBoost	anaerobe	6.604877285099064e-7
FirmC16(529)	XGBoost	anaerobe	5.869113124390424e-7
FirmC17(530)	XGBoost	anaerobe	6.494867648143554e-7
FirmC18(531)	XGBoost	anaerobe	5.379702656682639e-7
FirmC19(532)	XGBoost	anaerobe	6.875312124066113e-7
FirmC3(533)	XGBoost	anaerobe	1.141735992860049e-6
FirmC4(534)	XGBoost	anaerobe	1.1788151965674842e-7
FirmC5(535)	XGBoost	anaerobe	2.736736917086091e-7
FirmC6(536)	XGBoost	anaerobe	1.6670728655299172e-6
FirmC7(537)	XGBoost	anaerobe	2.8515287340269424e-6
FirmC8(538)	XGBoost	anaerobe	4.696926225733478e-6
FirmC9(539)	XGBoost	anaerobe	3.036212490314938e-7
FirmD1(540)	XGBoost	anaerobe	0.00007602987171
FirmD2(541)	XGBoost	anaerobe	6.793535249016713e-6
FirmD3(542)	XGBoost	anaerobe	6.746499821019825e-7
FirmD4(543)	XGBoost	anaerobe	1.5081591300258879e-6
FirmE1(544)	XGBoost	anaerobe	0.0001511066221
FirmE2(545)	XGBoost	anaerobe	7.889721018727869e-6
FirmE3(546)	XGBoost	anaerobe	0.00003281376121
FirmE4(547)	XGBoost	aerobe	0.8993166685
FirmE5(548)	XGBoost	aerobe	0.9980586171
FirmE6(549)	XGBoost	anaerobe	0.0001910483697
FirmE7(550)	XGBoost	aerobe	0.9957385063
FirmE8(551)	XGBoost	aerobe	0.9964038134
FirmF1(552)	XGBoost	anaerobe	0.00003174122685
FirmF2(553)	XGBoost	anaerobe	1.2085256457794458e-6
FirmF3(554)	XGBoost	anaerobe	3.146806193399243e-7
FirmG1(555)	XGBoost	anaerobe	1.4337037157474697e-7
FirmG2(556)	XGBoost	anaerobe	1.999854220002817e-7
FirmG3(557)	XGBoost	anaerobe	3.580765053357027e-7
FirmG4(558)	XGBoost	anaerobe	0.002044296358
FirmG5(559)	XGBoost	anaerobe	9.710671292850748e-6
FirmG6(560)	XGBoost	anaerobe	4.393061772134388e-6
Firms1(561)	XGBoost	aerobe	0.9921079278
Firms10(562)	XGBoost	aerobe	0.8547335267
Firms11(563)	XGBoost	aerobe	0.9881659746
Firms12(564)	XGBoost	aerobe	0.9993987083
Firms13(565)	XGBoost	aerobe	0.8735971451
Firms15(566)	XGBoost	aerobe	0.9866811037
Firms16(567)	XGBoost	aerobe	0.9998711348
Firms17(568)	XGBoost	aerobe	0.9992450476
Firms18(569)	XGBoost	anaerobe	0.002245091833
Firms2(570)	XGBoost	anaerobe	0.005101417657
Firms20(571)	XGBoost	aerobe	0.9487530589
Firms21(572)	XGBoost	aerobe	0.9999315739
Firms22(573)	XGBoost	aerobe	0.9995353222
Firms23(574)	XGBoost	anaerobe	0.4197431207
Firms24(575)	XGBoost	aerobe	0.994809866
Firms25(576)	XGBoost	anaerobe	0.0001301083539
Firms26(577)	XGBoost	aerobe	0.9984579086
Firms27(578)	XGBoost	aerobe	0.9996771812
Firms28(579)	XGBoost	anaerobe	0.00003641989679
Firms29(580)	XGBoost	aerobe	0.9981781244
Firms3(581)	XGBoost	anaerobe	0.002544633113
Firms30(582)	XGBoost	anaerobe	0.00561268907
Firms31(583)	XGBoost	aerobe	0.9008782506
Firms32(584)	XGBoost	anaerobe	4.455655471247155e-6
Firms33(585)	XGBoost	anaerobe	0.0001220539561
Firms4(586)	XGBoost	aerobe	0.9213423133
Firms5(587)	XGBoost	aerobe	0.9869247675
Firms6(588)	XGBoost	anaerobe	0.00003209699935
Firms7(589)	XGBoost	anaerobe	0.4753088355
Firms8(590)	XGBoost	aerobe	0.9785702825
Firms9(591)	XGBoost	aerobe	0.9996771812
Fuso2(592)	XGBoost	anaerobe	0.002698607044
Gemm2(593)	XGBoost	aerobe	0.9991765618
Gemm3(594)	XGBoost	aerobe	0.9979270697
Gemm4(595)	XGBoost	aerobe	0.9996670485
Gemm5(596)	XGBoost	aerobe	0.9982592463
Gemm6(597)	XGBoost	aerobe	0.9956336617
Gemm7(598)	XGBoost	aerobe	0.986646533
Gemm8(599)	XGBoost	anaerobe	0.003202195512
Gemm9(600)	XGBoost	aerobe	0.9979483485
GemmA1(601)	XGBoost	anaerobe	0.006314819679
Gold1(602)	XGBoost	anaerobe	0.00001575011447
Gold2(603)	XGBoost	anaerobe	0.00001864634032
Hydr1(604)	XGBoost	anaerobe	0.4098096788
Hydr2(605)	XGBoost	anaerobe	0.005158211105
J088X1(606)	XGBoost	aerobe	0.9758415222
KSB1X1(607)	XGBoost	anaerobe	0.0001014923109
KSB1X2(608)	XGBoost	anaerobe	0.01143614203
KSB1X3(609)	XGBoost	aerobe	0.9524064064
KSB1X4(610)	XGBoost	anaerobe	0.00006374847726
Krum1(611)	XGBoost	anaerobe	0.02769588865
Late1(612)	XGBoost	aerobe	0.9970588684
Late2(613)	XGBoost	anaerobe	0.00001792133844
Late3(614)	XGBoost	aerobe	0.9968801737
Lind1(615)	XGBoost	anaerobe	0.07912191004
Lind2(616)	XGBoost	anaerobe	0.0001472140284
Lind4(617)	XGBoost	anaerobe	0.00002973273695
Marg1(618)	XGBoost	anaerobe	1.0037298352472135e-6
Marg2(619)	XGBoost	anaerobe	0.00003529093374
Marg6(620)	XGBoost	anaerobe	0.00003723042391
Marg7(621)	XGBoost	anaerobe	0.00003909958104
Mari1(622)	XGBoost	aerobe	0.8051828742
Mari2(623)	XGBoost	anaerobe	1.0552043931966182e-6
Mari3(624)	XGBoost	anaerobe	0.00002652894545
Mari5(625)	XGBoost	anaerobe	0.04723461345
Mari6(626)	XGBoost	anaerobe	0.3983307779
Meth1(627)	XGBoost	aerobe	0.9578925371
Meth2(628)	XGBoost	aerobe	0.9911777377
Meth3(629)	XGBoost	aerobe	0.7143444419
Meth4(630)	XGBoost	aerobe	0.519064188
Meth5(631)	XGBoost	aerobe	0.9749767184
Muir1(632)	XGBoost	anaerobe	0.00001408502339
MyxA1(633)	XGBoost	aerobe	0.9975929856
MyxA2(634)	XGBoost	aerobe	0.9855040908
MyxA3(635)	XGBoost	aerobe	0.9789834023
MyxA4(636)	XGBoost	aerobe	0.993188858
Myxo1(637)	XGBoost	aerobe	0.523568511
Myxo10(638)	XGBoost	anaerobe	0.0001116121057
Myxo11(639)	XGBoost	aerobe	0.9957898259
Myxo13(640)	XGBoost	aerobe	0.9973588586
Myxo14(641)	XGBoost	aerobe	0.9997341037
Myxo15(642)	XGBoost	aerobe	0.9994211197
Myxo17(643)	XGBoost	anaerobe	0.09165601432
Myxo18(644)	XGBoost	aerobe	0.9999529123
Myxo19(645)	XGBoost	anaerobe	0.2289567292
Myxo2(646)	XGBoost	anaerobe	0.00005422598406
Myxo3(647)	XGBoost	aerobe	0.9632979035
Myxo5(648)	XGBoost	aerobe	0.9999393225
Myxo6(649)	XGBoost	aerobe	0.9999217987
Myxo7(650)	XGBoost	aerobe	0.9854044318
Myxo8(651)	XGBoost	aerobe	0.9996088147
Myxo9(652)	XGBoost	aerobe	0.9992875457
NPL1(653)	XGBoost	anaerobe	0.003816368058
Nitr1(654)	XGBoost	anaerobe	0.0005661648465
Nitr10(655)	XGBoost	aerobe	0.8972905874
Nitr11(656)	XGBoost	anaerobe	7.3940118454629555e-6
Nitr12(657)	XGBoost	anaerobe	0.003283231286
Nitr13(658)	XGBoost	anaerobe	0.00001230358248
Nitr14(659)	XGBoost	anaerobe	0.0007686701138
Nitr15(660)	XGBoost	aerobe	0.8891298771
Nitr16(661)	XGBoost	anaerobe	0.00001334778335
Nitr17(662)	XGBoost	anaerobe	7.605988230352523e-7
Nitr2(663)	XGBoost	anaerobe	0.0005454447819
Nitr3(664)	XGBoost	aerobe	0.9905945063
Nitr4(665)	XGBoost	anaerobe	0.4994809031
Nitr5(666)	XGBoost	anaerobe	3.0653592375529115e-7
Nitr6(667)	XGBoost	aerobe	0.9761593938
Nitr7(668)	XGBoost	anaerobe	0.007974007167
Nitr8(669)	XGBoost	anaerobe	0.1046448797
Nitr9(670)	XGBoost	anaerobe	0.00004800224269
Nits1(671)	XGBoost	aerobe	0.9374819398
Nits2(672)	XGBoost	anaerobe	0.0002471623884
Nits3(673)	XGBoost	aerobe	0.8501003385
Nits4(674)	XGBoost	anaerobe	2.7633827812678646e-6
NitsA1(675)	XGBoost	aerobe	0.9857616425
NitsA2(676)	XGBoost	aerobe	0.9893364906
NitsA3(677)	XGBoost	anaerobe	0.01405283343
OLB1X1(678)	XGBoost	anaerobe	0.3818739951
Omni2(679)	XGBoost	anaerobe	0.003624147037
Omni3(680)	XGBoost	anaerobe	0.0001633324282
Omni4(681)	XGBoost	anaerobe	0.02779658139
Omni6(682)	XGBoost	aerobe	0.9789147377
Omni7(683)	XGBoost	anaerobe	0.2512110472
Omni8(684)	XGBoost	aerobe	0.9501570463
P4572X1(685)	XGBoost	aerobe	0.902541995
Pate1(686)	XGBoost	anaerobe	0.4579534531
Pate10(687)	XGBoost	aerobe	0.5426540971
Pate11(688)	XGBoost	anaerobe	0.08974272758
Pate12(689)	XGBoost	anaerobe	0.3517446518
Pate13(690)	XGBoost	anaerobe	0.07789698988
Pate14(691)	XGBoost	anaerobe	0.3207627535
Pate15(692)	XGBoost	aerobe	0.9069091082
Pate17(693)	XGBoost	anaerobe	0.4497030675
Pate18(694)	XGBoost	anaerobe	0.2326808423
Pate19(695)	XGBoost	anaerobe	0.3038536906
Pate21(696)	XGBoost	anaerobe	0.1041148528
Pate22(697)	XGBoost	anaerobe	0.2938505113
Pate23(698)	XGBoost	anaerobe	0.00005849049558
Pate24(699)	XGBoost	aerobe	0.5285667181
Pate25(700)	XGBoost	anaerobe	0.08645122498
Pate26(701)	XGBoost	anaerobe	0.3176209927
Pate27(702)	XGBoost	aerobe	0.7967831492
Pate28(703)	XGBoost	anaerobe	0.224580884
Pate29(704)	XGBoost	aerobe	0.8221299648
Pate3(705)	XGBoost	aerobe	0.7898470163
Pate30(706)	XGBoost	anaerobe	0.2410867065
Pate31(707)	XGBoost	anaerobe	0.2333650142
Pate32(708)	XGBoost	anaerobe	0.04816848412
Pate33(709)	XGBoost	anaerobe	0.3875107467
Pate34(710)	XGBoost	aerobe	0.5687433481
Pate35(711)	XGBoost	anaerobe	0.04825400189
Pate36(712)	XGBoost	aerobe	0.5272483826
Pate37(713)	XGBoost	anaerobe	0.2903412282
Pate38(714)	XGBoost	aerobe	0.6675978899
Pate39(715)	XGBoost	anaerobe	0.1570137739
Pate4(716)	XGBoost	anaerobe	0.2150897384
Pate40(717)	XGBoost	anaerobe	0.2529551387
Pate41(718)	XGBoost	anaerobe	0.391348362
Pate43(719)	XGBoost	aerobe	0.967425108
Pate44(720)	XGBoost	aerobe	0.6396964192
Pate45(721)	XGBoost	anaerobe	0.1288935691
Pate46(722)	XGBoost	anaerobe	0.0968656987
Pate48(723)	XGBoost	anaerobe	0.3109762371
Pate49(724)	XGBoost	aerobe	0.677710712
Pate5(725)	XGBoost	anaerobe	0.1661336571
Pate50(726)	XGBoost	anaerobe	0.0842712447
Pate51(727)	XGBoost	aerobe	0.7511685491
Pate52(728)	XGBoost	anaerobe	0.09536158293
Pate53(729)	XGBoost	anaerobe	0.4560828507
Pate54(730)	XGBoost	anaerobe	0.05692168698
Pate55(731)	XGBoost	anaerobe	0.1644781977
Pate56(732)	XGBoost	anaerobe	0.01724258438
Pate57(733)	XGBoost	anaerobe	0.4797636569
Pate6(734)	XGBoost	anaerobe	0.2082198858
Pate7(735)	XGBoost	aerobe	0.5735725164
Pate8(736)	XGBoost	anaerobe	0.2156960368
Pate9(737)	XGBoost	anaerobe	0.1497303545
Plan12(738)	XGBoost	anaerobe	0.00393792009
Plan14(739)	XGBoost	anaerobe	0.007162968628
Plan16(740)	XGBoost	aerobe	0.999972105
Plan17(741)	XGBoost	aerobe	0.9783370495
Plan18(742)	XGBoost	aerobe	0.8120909333
Plan2(743)	XGBoost	anaerobe	0.00007411517436
Plan21(744)	XGBoost	anaerobe	9.750127901497763e-6
Plan22(745)	XGBoost	anaerobe	0.0004825796641
Plan23(746)	XGBoost	aerobe	0.8849198818
Plan26(747)	XGBoost	anaerobe	2.958338654934778e-6
Plan27(748)	XGBoost	aerobe	0.9875131249
Plan3(749)	XGBoost	anaerobe	0.00104629749
Plan30(750)	XGBoost	anaerobe	0.0005110751954
Plan31(751)	XGBoost	aerobe	0.9947880507
Plan32(752)	XGBoost	anaerobe	0.0002461896511
Plan33(753)	XGBoost	aerobe	0.8585874438
Plan39(754)	XGBoost	anaerobe	1.8789019122777972e-6
Plan4(755)	XGBoost	anaerobe	0.000155497939
Plan40(756)	XGBoost	anaerobe	0.01874599233
Plan42(757)	XGBoost	aerobe	0.9922121763
Plan43(758)	XGBoost	aerobe	0.9999729395
Plan44(759)	XGBoost	aerobe	0.994335115
Plan5(760)	XGBoost	anaerobe	0.00004405038999
Plan7(761)	XGBoost	anaerobe	0.00007206675946
Pori1(762)	XGBoost	aerobe	0.9992544055
Pori2(763)	XGBoost	aerobe	0.9997293353
ProtA10(764)	XGBoost	aerobe	0.9252861142
ProtA11(765)	XGBoost	aerobe	0.9992584586
ProtA12(766)	XGBoost	aerobe	0.8488833904
ProtA13(767)	XGBoost	aerobe	0.9956454039
ProtA14(768)	XGBoost	aerobe	0.9933702946
ProtA15(769)	XGBoost	aerobe	0.902956903
ProtA16(770)	XGBoost	aerobe	0.9982792139
ProtA18(771)	XGBoost	aerobe	0.990172267
ProtA19(772)	XGBoost	aerobe	0.9995494485
ProtA2(773)	XGBoost	aerobe	0.9986457229
ProtA20(774)	XGBoost	aerobe	0.9993786812
ProtA21(775)	XGBoost	aerobe	0.9940553904
ProtA24(776)	XGBoost	aerobe	0.9999592304
ProtA26(777)	XGBoost	aerobe	0.9987825751
ProtA27(778)	XGBoost	aerobe	0.9870588183
ProtA29(779)	XGBoost	aerobe	0.6783111095
ProtA3(780)	XGBoost	aerobe	0.982004106
ProtA30(781)	XGBoost	aerobe	0.9683517218
ProtA31(782)	XGBoost	aerobe	0.9992744327
ProtA32(783)	XGBoost	aerobe	0.9990898371
ProtA33(784)	XGBoost	aerobe	0.9970018268
ProtA34(785)	XGBoost	aerobe	0.9858036041
ProtA35(786)	XGBoost	aerobe	0.984236896
ProtA36(787)	XGBoost	aerobe	0.9719613791
ProtA37(788)	XGBoost	aerobe	0.9165081978
ProtA38(789)	XGBoost	anaerobe	0.3172586858
ProtA39(790)	XGBoost	aerobe	0.9927614331
ProtA40(791)	XGBoost	aerobe	0.9993183613
ProtA41(792)	XGBoost	anaerobe	0.261592567
ProtA42(793)	XGBoost	aerobe	0.9644901752
ProtA43(794)	XGBoost	aerobe	0.9603826404
ProtA44(795)	XGBoost	aerobe	0.9507798553
ProtA45(796)	XGBoost	aerobe	0.9725272655
ProtA46(797)	XGBoost	aerobe	0.9988096952
ProtA47(798)	XGBoost	aerobe	0.9989996552
ProtA48(799)	XGBoost	anaerobe	0.4274488389
ProtA49(800)	XGBoost	aerobe	0.9992795587
ProtA5(801)	XGBoost	aerobe	0.7346034646
ProtA50(802)	XGBoost	aerobe	0.9960255623
ProtA51(803)	XGBoost	aerobe	0.9999125004
ProtA52(804)	XGBoost	aerobe	0.9994537234
ProtA53(805)	XGBoost	aerobe	0.9999209642
ProtA54(806)	XGBoost	aerobe	0.9890834689
ProtA55(807)	XGBoost	aerobe	0.9971982241
ProtA56(808)	XGBoost	aerobe	0.9987076521
ProtA57(809)	XGBoost	aerobe	0.9993063211
ProtA58(810)	XGBoost	aerobe	0.9995833039
ProtA60(811)	XGBoost	anaerobe	0.001506649889
ProtA61(812)	XGBoost	aerobe	0.9957945347
ProtA62(813)	XGBoost	aerobe	0.9920803905
ProtA63(814)	XGBoost	aerobe	0.9930207133
ProtA64(815)	XGBoost	anaerobe	0.02825313434
ProtA66(816)	XGBoost	aerobe	0.9943348169
ProtA67(817)	XGBoost	aerobe	0.9988318086
ProtA68(818)	XGBoost	aerobe	0.9994788766
ProtA69(819)	XGBoost	aerobe	0.9962890148
ProtA7(820)	XGBoost	aerobe	0.9824894667
ProtA70(821)	XGBoost	aerobe	0.9903123379
ProtA71(822)	XGBoost	aerobe	0.9999400377
ProtA72(823)	XGBoost	aerobe	0.9995462298
ProtA74(824)	XGBoost	aerobe	0.9998842478
ProtA75(825)	XGBoost	anaerobe	0.02507056296
ProtA76(826)	XGBoost	aerobe	0.9980806112
ProtA77(827)	XGBoost	aerobe	0.9997779727
ProtA8(828)	XGBoost	aerobe	0.6492756605
ProtA9(829)	XGBoost	anaerobe	0.09680577368
ProtG1(830)	XGBoost	aerobe	0.9749342203
ProtG10(831)	XGBoost	aerobe	0.9798930883
ProtG11(832)	XGBoost	aerobe	0.9883698225
ProtG12(833)	XGBoost	aerobe	0.9997294545
ProtG13(834)	XGBoost	aerobe	0.9740172029
ProtG14(835)	XGBoost	aerobe	0.9982722998
ProtG15(836)	XGBoost	aerobe	0.9965259433
ProtG16(837)	XGBoost	aerobe	0.995629549
ProtG17(838)	XGBoost	aerobe	0.9977349043
ProtG18(839)	XGBoost	aerobe	0.9772820473
ProtG19(840)	XGBoost	aerobe	0.9991523027
ProtG20(841)	XGBoost	aerobe	0.8518099189
ProtG21(842)	XGBoost	aerobe	0.999001801
ProtG22(843)	XGBoost	aerobe	0.9995538592
ProtG24(844)	XGBoost	aerobe	0.9889606833
ProtG25(845)	XGBoost	aerobe	0.9981873631
ProtG26(846)	XGBoost	aerobe	0.984756887
ProtG27(847)	XGBoost	aerobe	0.9755388498
ProtG28(848)	XGBoost	aerobe	0.9962928891
ProtG29(849)	XGBoost	aerobe	0.9633930326
ProtG3(850)	XGBoost	aerobe	0.9993317723
ProtG30(851)	XGBoost	aerobe	0.9946326017
ProtG31(852)	XGBoost	aerobe	0.9984816909
ProtG32(853)	XGBoost	aerobe	0.9672945142
ProtG33(854)	XGBoost	anaerobe	0.4689556956
ProtG34(855)	XGBoost	aerobe	0.9920896292
ProtG35(856)	XGBoost	anaerobe	0.2635163367
ProtG36(857)	XGBoost	aerobe	0.9991126657
ProtG37(858)	XGBoost	aerobe	0.9786648154
ProtG38(859)	XGBoost	anaerobe	0.01995067671
ProtG39(860)	XGBoost	aerobe	0.9927069545
ProtG4(861)	XGBoost	anaerobe	0.02414879389
ProtG40(862)	XGBoost	anaerobe	0.04381103814
ProtG41(863)	XGBoost	anaerobe	0.00767900236
ProtG42(864)	XGBoost	aerobe	0.9421898127
ProtG43(865)	XGBoost	aerobe	0.9909313917
ProtG44(866)	XGBoost	aerobe	0.9759054184
ProtG45(867)	XGBoost	anaerobe	0.01213428471
ProtG46(868)	XGBoost	anaerobe	0.02612644248
ProtG47(869)	XGBoost	aerobe	0.9998103976
ProtG48(870)	XGBoost	anaerobe	0.006220912561
ProtG49(871)	XGBoost	aerobe	0.9997547269
ProtG5(872)	XGBoost	aerobe	0.9933913946
ProtG50(873)	XGBoost	aerobe	0.9967586398
ProtG51(874)	XGBoost	aerobe	0.9940593243
ProtG52(875)	XGBoost	aerobe	0.999145627
ProtG53(876)	XGBoost	anaerobe	0.08070655912
ProtG54(877)	XGBoost	aerobe	0.9997532964
ProtG55(878)	XGBoost	aerobe	0.9177599549
ProtG56(879)	XGBoost	aerobe	0.8561695814
ProtG57(880)	XGBoost	aerobe	0.860979557
ProtG58(881)	XGBoost	aerobe	0.9952925444
ProtG59(882)	XGBoost	aerobe	0.9947454929
ProtG6(883)	XGBoost	aerobe	0.9492513537
ProtG60(884)	XGBoost	aerobe	0.9883918166
ProtG61(885)	XGBoost	aerobe	0.9892089963
ProtG62(886)	XGBoost	anaerobe	0.3205152154
ProtG63(887)	XGBoost	aerobe	0.9982530475
ProtG64(888)	XGBoost	aerobe	0.9994673133
ProtG65(889)	XGBoost	aerobe	0.9999941587
ProtG66(890)	XGBoost	aerobe	0.9998883009
ProtG67(891)	XGBoost	aerobe	0.999053061
ProtG68(892)	XGBoost	aerobe	0.9741999507
ProtG69(893)	XGBoost	aerobe	0.9999908209
ProtG7(894)	XGBoost	anaerobe	0.4426537752
ProtG70(895)	XGBoost	aerobe	0.9942280054
ProtG71(896)	XGBoost	aerobe	0.8648286462
ProtG72(897)	XGBoost	aerobe	0.9986472726
ProtG73(898)	XGBoost	aerobe	0.9892637134
ProtG74(899)	XGBoost	aerobe	0.999833703
ProtG75(900)	XGBoost	anaerobe	4.286666808184236e-6
ProtG76(901)	XGBoost	aerobe	0.9998379946
ProtG77(902)	XGBoost	aerobe	0.5182162523
ProtG78(903)	XGBoost	aerobe	0.9962207675
ProtG79(904)	XGBoost	anaerobe	0.4006593525
ProtG8(905)	XGBoost	anaerobe	0.2719408572
ProtG80(906)	XGBoost	aerobe	0.9897969365
ProtG81(907)	XGBoost	aerobe	0.9343165755
ProtG82(908)	XGBoost	aerobe	0.999704659
ProtG83(909)	XGBoost	aerobe	0.9999890327
ProtG84(910)	XGBoost	aerobe	0.9999400377
ProtG85(911)	XGBoost	aerobe	0.9962284565
ProtG86(912)	XGBoost	aerobe	0.9895800948
ProtG87(913)	XGBoost	aerobe	0.9919941425
ProtG88(914)	XGBoost	aerobe	0.9589390755
ProtG89(915)	XGBoost	aerobe	0.9999728203
ProtG9(916)	XGBoost	aerobe	0.9997811913
ProtG90(917)	XGBoost	aerobe	0.9917226434
ProtG91(918)	XGBoost	aerobe	0.9999959469
ProtM1(919)	XGBoost	anaerobe	0.04764572531
ProtM2(920)	XGBoost	anaerobe	0.09600746632
ProtM3(921)	XGBoost	anaerobe	0.00486141583
ProtZ1(922)	XGBoost	anaerobe	0.1007348448
ProtZ2(923)	XGBoost	anaerobe	0.02818194591
ProtZ3(924)	XGBoost	aerobe	0.7737042308
ProtZ4(925)	XGBoost	aerobe	0.7322328091
ProtZ5(926)	XGBoost	anaerobe	0.008258140646
RBG1(927)	XGBoost	anaerobe	0.0001019809715
Rifl1(928)	XGBoost	anaerobe	0.00002175018381
SAR3X1(929)	XGBoost	anaerobe	0.4824176431
SAR3X2(930)	XGBoost	aerobe	0.8721471429
SLNR1(931)	XGBoost	anaerobe	0.00002361093175
SM23X1(932)	XGBoost	anaerobe	3.520678546919953e-6
SZUA1(933)	XGBoost	anaerobe	0.00003070322055
SZUA2(934)	XGBoost	anaerobe	0.00009243699606
Sche1(935)	XGBoost	anaerobe	0.001253973925
Spir10(936)	XGBoost	anaerobe	3.651751512734336e-6
Spir11(937)	XGBoost	anaerobe	0.02093991451
Spir12(938)	XGBoost	anaerobe	0.005802135915
Spir13(939)	XGBoost	anaerobe	4.4412950046535116e-6
Spir15(940)	XGBoost	anaerobe	0.4780535996
Spir2(941)	XGBoost	anaerobe	0.01273382921
Spir3(942)	XGBoost	anaerobe	5.693012553820154e-6
Spir4(943)	XGBoost	anaerobe	1.987838231798378e-6
Spir8(944)	XGBoost	anaerobe	0.00003552035923
Spir9(945)	XGBoost	aerobe	0.9972661734
Sume1(946)	XGBoost	anaerobe	0.02787470073
Syne1(947)	XGBoost	anaerobe	5.519682417798322e-7
Syne10(948)	XGBoost	anaerobe	1.3606542097477359e-6
Syne2(949)	XGBoost	anaerobe	6.267209300858667e-6
Syne3(950)	XGBoost	anaerobe	7.509573265451763e-7
Syne4(951)	XGBoost	anaerobe	7.810412171238568e-6
Syne5(952)	XGBoost	anaerobe	1.3452754501486197e-6
Syne6(953)	XGBoost	anaerobe	3.964762811392575e-7
Syne7(954)	XGBoost	anaerobe	0.00001822333616
Syne8(955)	XGBoost	anaerobe	2.558084020165552e-7
Syne9(956)	XGBoost	anaerobe	7.371018000412732e-6
TA06A1(957)	XGBoost	anaerobe	5.080979462945834e-6
TA06X1(958)	XGBoost	anaerobe	0.00001344042994
Therd1(959)	XGBoost	anaerobe	5.148050945535942e-7
Therg2(960)	XGBoost	anaerobe	0.00001254581457
Therg3(961)	XGBoost	anaerobe	2.785385788683925e-7
Therg4(962)	XGBoost	anaerobe	4.293909114494454e-6
Therg5(963)	XGBoost	anaerobe	3.640298018581234e-6
Therg6(964)	XGBoost	anaerobe	3.0554613204003545e-6
Therg8(965)	XGBoost	anaerobe	1.3354240309126908e-6
Thers1(966)	XGBoost	anaerobe	2.399303298261657e-7
UBA1X1(967)	XGBoost	aerobe	0.720711112
UBA1X2(968)	XGBoost	anaerobe	0.378333807
UBA1X3(969)	XGBoost	anaerobe	0.007036659867
UBA1X4(970)	XGBoost	aerobe	0.6668282747
UBA1X5(971)	XGBoost	aerobe	0.6434084773
UBA1X6(972)	XGBoost	aerobe	0.766317606
UBA2X1(973)	XGBoost	anaerobe	0.005651203915
UBA6X1(974)	XGBoost	anaerobe	0.0003233307216
UBA9X1(975)	XGBoost	anaerobe	0.0004735447874
UBA9X2(976)	XGBoost	anaerobe	0.0001003787111
UBA9X3(977)	XGBoost	anaerobe	0.0005968831829
UBP13X1(978)	XGBoost	anaerobe	9.374177352583501e-6
UBP14X1(979)	XGBoost	anaerobe	0.00002832150312
UBP4X1(980)	XGBoost	anaerobe	0.00009852662333
UBP6X1(981)	XGBoost	anaerobe	0.00001095697826
Verr10(982)	XGBoost	aerobe	0.9934851527
Verr11(983)	XGBoost	aerobe	0.9981281161
Verr12(984)	XGBoost	aerobe	0.766133666
Verr13(985)	XGBoost	aerobe	0.9956185222
Verr14(986)	XGBoost	aerobe	0.9863803983
Verr2(987)	XGBoost	aerobe	0.9996732473
Verr3(988)	XGBoost	anaerobe	3.335748033350683e-6
Verr4(989)	XGBoost	anaerobe	0.3822173178
Verr5(990)	XGBoost	anaerobe	5.705219336959999e-6
Verr6(991)	XGBoost	anaerobe	5.418078217189759e-6
Verr7(992)	XGBoost	aerobe	0.9943547249
Verr8(993)	XGBoost	anaerobe	0.007646615617
Verr9(994)	XGBoost	aerobe	0.7824551463
WOR1(995)	XGBoost	anaerobe	4.941845872963313e-6
WOR2(996)	XGBoost	anaerobe	8.55952748679556e-6
WOR3(997)	XGBoost	anaerobe	0.00002655937169
WOR4(998)	XGBoost	anaerobe	2.3771453925292008e-6
WOR6(999)	XGBoost	anaerobe	0.00007419479516
WOR7(1000)	XGBoost	anaerobe	0.00002224385025
Wall1(1001)	XGBoost	anaerobe	4.057703790749656e-6
Zixi1(1002)	XGBoost	anaerobe	0.3083395064
Zixi2(1003)	XGBoost	anaerobe	0.2730610967
Zixi3(1004)	XGBoost	anaerobe	0.01976900548
Zixi4(1005)	XGBoost	anaerobe	0.0002580079017
Zixi5(1006)	XGBoost	anaerobe	0.2938633263
1007	XGBoost	anaerobe	0.0005354101886
1008	XGBoost	anaerobe	0.00005791057265
1009	XGBoost	aerobe	0.9940464497
1010	XGBoost	anaerobe	0.0008101515123
1011	XGBoost	aerobe	0.6848012805
1012	XGBoost	aerobe	0.9991213679
1013	XGBoost	anaerobe	0.4588522315
1014	XGBoost	aerobe	0.5194131732
1015	XGBoost	aerobe	0.9999518394
1016	XGBoost	aerobe	0.9916098714
1017	XGBoost	anaerobe	0.008601560257
1018	XGBoost	aerobe	0.9985944629
1019	XGBoost	aerobe	0.9955288768
1020	XGBoost	aerobe	0.9913694263
1021	XGBoost	aerobe	0.9972829819
1022	XGBoost	anaerobe	0.02310006879
1023	XGBoost	aerobe	0.9995874763
1024	XGBoost	aerobe	0.9803317785
1025	XGBoost	anaerobe	0.05033419654
1026	XGBoost	aerobe	0.997520268
1027	XGBoost	aerobe	0.9527596831
1028	XGBoost	aerobe	0.9999476671
1029	XGBoost	aerobe	0.9967537522
1030	XGBoost	aerobe	0.9911143184
1031	XGBoost	aerobe	0.9881145954
1032	XGBoost	anaerobe	0.00001325910125
1033	XGBoost	anaerobe	0.00008981395513
1034	XGBoost	aerobe	0.9999881983
1035	XGBoost	anaerobe	0.0001249688794
1036	XGBoost	anaerobe	0.00007758299762
1037	XGBoost	aerobe	0.9999028444
1038	XGBoost	aerobe	0.9995669723
1039	XGBoost	aerobe	0.9991273284
1040	XGBoost	aerobe	0.9999883175
1041	XGBoost	aerobe	0.9999197721
1042	XGBoost	aerobe	0.9987841249
1043	XGBoost	aerobe	0.9997605681
1044	XGBoost	aerobe	0.9910920262
1045	XGBoost	aerobe	0.9999240637
1046	XGBoost	aerobe	0.9995773435
1047	XGBoost	anaerobe	0.00004004192306
1048	XGBoost	aerobe	0.9946748018
1049	XGBoost	anaerobe	0.0001422075293
1050	XGBoost	anaerobe	0.004734132905
1051	XGBoost	anaerobe	0.01957164519
1052	XGBoost	anaerobe	0.004745456856
1053	XGBoost	anaerobe	0.3894559145
1054	XGBoost	aerobe	0.9358502626
1055	XGBoost	anaerobe	0.0006498325965
1056	XGBoost	aerobe	0.9934346676
1057	XGBoost	aerobe	0.9158539772
1058	XGBoost	anaerobe	0.00005757495092
1059	XGBoost	aerobe	0.9986496568
1060	XGBoost	anaerobe	0.2112443149
1061	XGBoost	aerobe	0.9987689853
1062	XGBoost	aerobe	0.9937084913
1063	XGBoost	anaerobe	0.003410869045
1064	XGBoost	anaerobe	0.002637767466
1065	XGBoost	anaerobe	0.007223066874
1066	XGBoost	anaerobe	0.0002123452578
1067	XGBoost	aerobe	0.9982658029
1068	XGBoost	anaerobe	0.03165303171
1069	XGBoost	aerobe	0.9997090697
1070	XGBoost	aerobe	0.9999775887
1071	XGBoost	anaerobe	0.09832780063
1072	XGBoost	aerobe	0.9998497963
1073	XGBoost	anaerobe	0.4130703509
1074	XGBoost	anaerobe	0.4048947692
1075	XGBoost	aerobe	0.9997563958
1076	XGBoost	aerobe	0.9995627999
1077	XGBoost	anaerobe	0.291728586
1078	XGBoost	aerobe	0.6732985377
1079	XGBoost	aerobe	0.9973198771
1080	XGBoost	aerobe	0.9983865023
1081	XGBoost	aerobe	0.988240242
1082	XGBoost	aerobe	0.9940568209
1083	XGBoost	anaerobe	0.0007537377533
1084	XGBoost	anaerobe	0.0001687093754
1085	XGBoost	anaerobe	0.00001966970194
1086	XGBoost	aerobe	0.5016842484
1087	XGBoost	anaerobe	0.0002157368144
1088	XGBoost	anaerobe	0.001905106357
1089	XGBoost	anaerobe	0.000145234153
1090	XGBoost	anaerobe	0.0001379410824
1091	XGBoost	anaerobe	0.0009714373737
1092	XGBoost	anaerobe	0.0001404047216
1093	XGBoost	anaerobe	0.1641674191
1094	XGBoost	anaerobe	1.4503895044981618e-6
1095	XGBoost	anaerobe	0.00008513434295
1096	XGBoost	aerobe	0.7866302729
1097	XGBoost	anaerobe	0.00006277098873
1098	XGBoost	anaerobe	0.0008139581769
1099	XGBoost	anaerobe	0.00009304659034
1100	XGBoost	anaerobe	0.1817053109
1101	XGBoost	aerobe	0.6728423238
1102	XGBoost	anaerobe	0.0004785845813
1103	XGBoost	aerobe	0.9958069324
1104	XGBoost	aerobe	0.7717991471
1105	XGBoost	anaerobe	0.09022717923
1106	XGBoost	aerobe	0.9878666401
1107	XGBoost	anaerobe	0.2783617973
1108	XGBoost	aerobe	0.99695611
1109	XGBoost	aerobe	0.9278565049
1110	XGBoost	anaerobe	0.00001750566298
1111	XGBoost	anaerobe	0.4481564164
1112	XGBoost	aerobe	0.990465641
1113	XGBoost	anaerobe	0.001687452546
1114	XGBoost	aerobe	0.8217990398
1115	XGBoost	anaerobe	0.0002640950552
1116	XGBoost	anaerobe	0.09204399586
1117	XGBoost	aerobe	0.9999960661
1118	XGBoost	aerobe	0.9999088049
1119	XGBoost	aerobe	0.9731271267
1120	XGBoost	aerobe	0.9999887943
1121	XGBoost	aerobe	0.9999990463
1122	XGBoost	aerobe	0.9999941587
1123	XGBoost	aerobe	0.9999824762
1124	XGBoost	aerobe	0.9990885258
1125	XGBoost	aerobe	0.9987804294
1126	XGBoost	aerobe	0.9999921322
1127	XGBoost	aerobe	0.9999783039
1128	XGBoost	aerobe	0.9999988079
1129	XGBoost	anaerobe	0.01926825754
1130	XGBoost	aerobe	0.9999876022
1131	XGBoost	aerobe	0.9999661446
1132	XGBoost	aerobe	0.9292623401
1133	XGBoost	anaerobe	3.6689964417746523e-6
1134	XGBoost	anaerobe	2.148854719052906e-6
1135	XGBoost	aerobe	0.9905072451
1136	XGBoost	aerobe	0.998952508
1137	XGBoost	aerobe	0.9998090863
1138	XGBoost	aerobe	0.9974002838
1139	XGBoost	aerobe	0.9810013175
1140	XGBoost	anaerobe	1.3274575394461863e-6
1141	XGBoost	aerobe	0.9905788302
1142	XGBoost	anaerobe	5.515825023394427e-7
1143	XGBoost	anaerobe	7.233860088717847e-8
1144	XGBoost	anaerobe	0.0003001984733
1145	XGBoost	anaerobe	0.0001964177354
1146	XGBoost	anaerobe	0.0001958243956
1147	XGBoost	anaerobe	1.2938939164541807e-7
1148	XGBoost	anaerobe	3.0387752758542774e-6
1149	XGBoost	anaerobe	2.0098320874240017e-6
1150	XGBoost	anaerobe	0.00015749468
1151	XGBoost	anaerobe	1.494662456025253e-7
1152	XGBoost	anaerobe	4.231360506423698e-8
1153	XGBoost	anaerobe	0.0007445637602
1154	XGBoost	anaerobe	3.5211414228797366e-7
1155	XGBoost	anaerobe	2.1054994192581944e-7
1156	XGBoost	anaerobe	8.664520123602415e-8
1157	XGBoost	anaerobe	2.5748343901454973e-8
1158	XGBoost	anaerobe	8.322136579863582e-8
1159	XGBoost	anaerobe	5.1829776026579566e-8
1160	XGBoost	anaerobe	7.644318316124554e-7
1161	XGBoost	anaerobe	7.428153736555032e-8
1162	XGBoost	anaerobe	4.023739563763229e-8
1163	XGBoost	anaerobe	2.478410863204772e-7
1164	XGBoost	anaerobe	2.4802650386845926e-6
1165	XGBoost	anaerobe	7.568854698547511e-8
1166	XGBoost	anaerobe	4.697924850916024e-6
1167	XGBoost	anaerobe	5.700176686218583e-8
1168	XGBoost	anaerobe	5.886703320356901e-7
1169	XGBoost	anaerobe	0.00001515441909
1170	XGBoost	aerobe	0.9979344606
1171	XGBoost	aerobe	0.9932884574
1172	XGBoost	aerobe	0.9508715868
1173	XGBoost	aerobe	0.8826172352
1174	XGBoost	anaerobe	0.0007537481142
1175	XGBoost	anaerobe	0.00003015044422
1176	XGBoost	anaerobe	0.4242151082
1177	XGBoost	aerobe	0.999548614
1178	XGBoost	aerobe	0.9992004037
1179	XGBoost	aerobe	0.9899635911
1180	XGBoost	anaerobe	0.006873558741
1181	XGBoost	anaerobe	0.0007028157706
1182	XGBoost	anaerobe	0.00006543836207
1183	XGBoost	anaerobe	0.0001183074273
1184	XGBoost	anaerobe	0.0004055492464
1185	XGBoost	anaerobe	2.0594536920270912e-7
1186	XGBoost	anaerobe	1.2468741488191881e-6
1187	XGBoost	anaerobe	2.581741966878326e-7
1188	XGBoost	anaerobe	1.0042223408390782e-7
1189	XGBoost	anaerobe	8.64625121721474e-7
1190	XGBoost	anaerobe	1.1330172355883406e-6
1191	XGBoost	anaerobe	0.00008871081809
1192	XGBoost	anaerobe	0.0000320903273
1193	XGBoost	anaerobe	0.00002123085869
1194	XGBoost	anaerobe	0.00001129515113
1195	XGBoost	anaerobe	3.961152742704144e-6
1196	XGBoost	anaerobe	2.4705337864361354e-7
1197	XGBoost	anaerobe	3.345473089666484e-7
1198	XGBoost	anaerobe	0.001038836897
1199	XGBoost	anaerobe	2.759785218131583e-7
1200	XGBoost	anaerobe	4.794376309291692e-7
1201	XGBoost	anaerobe	3.7262731211740174e-7
1202	XGBoost	anaerobe	0.01699936017
1203	XGBoost	anaerobe	1.575273245180142e-7
1204	XGBoost	anaerobe	3.5297685485602415e-7
1205	XGBoost	anaerobe	1.0900195093199727e-6
1206	XGBoost	anaerobe	4.883643214270705e-7
1207	XGBoost	anaerobe	6.173537769882387e-8
1208	XGBoost	anaerobe	0.00003959257447
1209	XGBoost	anaerobe	6.359231292663026e-7
1210	XGBoost	anaerobe	2.312670858373167e-6
1211	XGBoost	anaerobe	7.368143087660428e-6
1212	XGBoost	anaerobe	4.805100957128161e-7
1213	XGBoost	anaerobe	2.3221143692353508e-6
1214	XGBoost	anaerobe	8.099900838942631e-8
1215	XGBoost	anaerobe	0.00003491956886
1216	XGBoost	anaerobe	5.2333113842450985e-8
1217	XGBoost	anaerobe	2.7072962538454703e-8
1218	XGBoost	anaerobe	4.995965809939662e-6
1219	XGBoost	anaerobe	9.477877028984949e-6
1220	XGBoost	anaerobe	0.00001942477502
1221	XGBoost	anaerobe	1.3743800764132175e-7
1222	XGBoost	anaerobe	3.388733830433921e-6
1223	XGBoost	anaerobe	1.6649803455948131e-6
1224	XGBoost	anaerobe	1.0902294889092445e-6
1225	XGBoost	anaerobe	3.158839092520793e-7
1226	XGBoost	anaerobe	1.28740771287994e-6
1227	XGBoost	anaerobe	1.6348975577784586e-6
1228	XGBoost	anaerobe	0.0000216898261
1229	XGBoost	anaerobe	5.673007308359956e-7
1230	XGBoost	anaerobe	6.345533734020137e-7
1231	XGBoost	anaerobe	1.424442928055214e-7
1232	XGBoost	anaerobe	3.3893016393449216e-7
1233	XGBoost	anaerobe	9.536136502674708e-8
1234	XGBoost	anaerobe	4.7572748940183374e-7
1235	XGBoost	anaerobe	1.0924041760063119e-7
1236	XGBoost	anaerobe	2.0423067326191813e-7
1237	XGBoost	anaerobe	1.340938098337574e-7
1238	XGBoost	anaerobe	1.9745618828892475e-7
1239	XGBoost	anaerobe	1.221934326167684e-6
1240	XGBoost	anaerobe	8.423606345786538e-7
1241	XGBoost	anaerobe	1.8359816067459178e-7
1242	XGBoost	anaerobe	4.509523023443762e-6
1243	XGBoost	anaerobe	3.078305041981366e-7
1244	XGBoost	anaerobe	3.8945310620874807e-7
1245	XGBoost	anaerobe	1.2238103863637662e-7
1246	XGBoost	anaerobe	1.5151726984186098e-7
1247	XGBoost	anaerobe	1.5294639865714998e-7
1248	XGBoost	anaerobe	6.386757434029278e-8
1249	XGBoost	anaerobe	8.635612402940751e-7
1250	XGBoost	anaerobe	4.191473635728471e-6
1251	XGBoost	anaerobe	8.560755873077142e-7
1252	XGBoost	anaerobe	0.008843876421
1253	XGBoost	anaerobe	0.2463834584
1254	XGBoost	aerobe	0.9969858527
1255	XGBoost	anaerobe	1.81110783614713e-6
1256	XGBoost	anaerobe	2.0274912913009757e-6
1257	XGBoost	anaerobe	2.5316256824226e-7
1258	XGBoost	anaerobe	2.105930207108031e-6
1259	XGBoost	anaerobe	0.00004927896225
1260	XGBoost	aerobe	0.9847454429
1261	XGBoost	aerobe	0.9983739853
1262	XGBoost	aerobe	0.9924362302
1263	XGBoost	anaerobe	0.2656050026
1264	XGBoost	aerobe	0.9892927408
1265	XGBoost	aerobe	0.999678731
1266	XGBoost	aerobe	0.9987010956
1267	XGBoost	anaerobe	0.0006965249777
1268	XGBoost	aerobe	0.7807208896
1269	XGBoost	anaerobe	0.01460544765
1270	XGBoost	aerobe	0.9958515167
1271	XGBoost	aerobe	0.9995219707
1272	XGBoost	aerobe	0.9966343045
1273	XGBoost	aerobe	0.9966580868
1274	XGBoost	anaerobe	0.01896322519
1275	XGBoost	anaerobe	0.00003480367377
1276	XGBoost	anaerobe	0.01981926523
1277	XGBoost	anaerobe	0.00329229841
1278	XGBoost	anaerobe	0.00009784229769
1279	XGBoost	aerobe	0.9980638623
1280	XGBoost	anaerobe	0.01613493823
1281	XGBoost	anaerobe	0.04487089813
1282	XGBoost	anaerobe	0.02927618846
1283	XGBoost	anaerobe	0.00005170533768
1284	XGBoost	anaerobe	0.000100719677
1285	XGBoost	anaerobe	0.3581217825
1286	XGBoost	anaerobe	0.00003635629037
1287	XGBoost	aerobe	0.5282866955
1288	XGBoost	aerobe	0.9518991113
1289	XGBoost	aerobe	0.8878808022
1290	XGBoost	aerobe	0.9720797539
1291	XGBoost	anaerobe	0.000220771326
1292	XGBoost	aerobe	0.9915361404
1293	XGBoost	aerobe	0.5504124165
1294	XGBoost	aerobe	0.9944316745
1295	XGBoost	aerobe	0.9999797344
1296	XGBoost	aerobe	0.9998805523
1297	XGBoost	anaerobe	0.1437017322
1298	XGBoost	aerobe	0.9999769926
1299	XGBoost	aerobe	0.9978895783
1300	XGBoost	aerobe	0.9603255391
1301	XGBoost	anaerobe	8.091344170679804e-6
1302	XGBoost	anaerobe	0.000232453327
1303	XGBoost	anaerobe	1.0330891200283077e-6
1304	XGBoost	aerobe	0.949644208
1305	XGBoost	anaerobe	0.4536660314
1306	XGBoost	anaerobe	0.001268552849
1307	XGBoost	aerobe	0.8555021882
1308	XGBoost	anaerobe	0.00019224071
1309	XGBoost	aerobe	0.9504422545
1310	XGBoost	anaerobe	0.1171407998
1311	XGBoost	anaerobe	0.006179177202
1312	XGBoost	aerobe	0.9543696046
1313	XGBoost	anaerobe	0.2274718881
1314	XGBoost	anaerobe	0.2313542813
1315	XGBoost	aerobe	0.5994716287
1316	XGBoost	anaerobe	0.08762676269
1317	XGBoost	anaerobe	0.4936359227
1318	XGBoost	anaerobe	0.4196510613
1319	XGBoost	anaerobe	0.1527251452
1320	XGBoost	aerobe	0.9684376717
1321	XGBoost	anaerobe	0.3588298559
1322	XGBoost	anaerobe	0.3328483403
1323	XGBoost	anaerobe	0.2823699415
1324	XGBoost	aerobe	0.5598903298
1325	XGBoost	anaerobe	0.3165490031
1326	XGBoost	anaerobe	0.2737086415
1327	XGBoost	aerobe	0.7262766957
1328	XGBoost	anaerobe	0.08797731251
1329	XGBoost	aerobe	0.533020556
1330	XGBoost	anaerobe	0.2348756194
1331	XGBoost	anaerobe	0.3155711293
1332	XGBoost	aerobe	0.6587204933
1333	XGBoost	aerobe	0.8939148784
1334	XGBoost	anaerobe	0.187720865
1335	XGBoost	anaerobe	0.2238700539
1336	XGBoost	aerobe	0.6650273204
1337	XGBoost	anaerobe	0.1845245957
1338	XGBoost	anaerobe	0.0003034755646
1339	XGBoost	anaerobe	0.0007172213518
1340	XGBoost	aerobe	0.9730809927
1341	XGBoost	anaerobe	0.0003035024565
1342	XGBoost	anaerobe	8.429276931565255e-6
1343	XGBoost	anaerobe	0.0004223741707
1344	XGBoost	aerobe	0.9161535501
1345	XGBoost	aerobe	0.9466091394
1346	XGBoost	anaerobe	0.0000588638286
1347	XGBoost	aerobe	0.9014686346
1348	XGBoost	aerobe	0.9961133003
1349	XGBoost	aerobe	0.9974645376
1350	XGBoost	aerobe	0.9455096722
1351	XGBoost	aerobe	0.9989871383
1352	XGBoost	aerobe	0.957403779
1353	XGBoost	aerobe	0.997657299
1354	XGBoost	aerobe	0.9726606011
1355	XGBoost	aerobe	0.998593986
1356	XGBoost	aerobe	0.9995855689
1357	XGBoost	aerobe	0.9978225231
1358	XGBoost	aerobe	0.9879381061
1359	XGBoost	aerobe	0.9928138852
1360	XGBoost	aerobe	0.9986352324
1361	XGBoost	aerobe	0.9925780892
1362	XGBoost	aerobe	0.9855639935
1363	XGBoost	aerobe	0.9958290458
1364	XGBoost	aerobe	0.9948976636
1365	XGBoost	aerobe	0.988314271
1366	XGBoost	aerobe	0.9064916968
1367	XGBoost	aerobe	0.9961052537
1368	XGBoost	aerobe	0.593598485
1369	XGBoost	aerobe	0.995262742
1370	XGBoost	aerobe	0.9780699015
1371	XGBoost	aerobe	0.9784462452
1372	XGBoost	aerobe	0.999848485
1373	XGBoost	aerobe	0.9907388687
1374	XGBoost	aerobe	0.9850665331
1375	XGBoost	aerobe	0.9999564886
1376	XGBoost	aerobe	0.9978693724
1377	XGBoost	aerobe	0.9995141029
1378	XGBoost	aerobe	0.9968505502
1379	XGBoost	anaerobe	0.1673039049
1380	XGBoost	anaerobe	0.3289427459
1381	XGBoost	aerobe	0.9953698516
1382	XGBoost	aerobe	0.9990013242
1383	XGBoost	aerobe	0.9845519662
1384	XGBoost	aerobe	0.9997900128
1385	XGBoost	aerobe	0.9976819754
1386	XGBoost	aerobe	0.9990177155
1387	XGBoost	aerobe	0.9959189296
1388	XGBoost	aerobe	0.995667696
1389	XGBoost	aerobe	0.9982042313
1390	XGBoost	aerobe	0.9992871881
1391	XGBoost	aerobe	0.9976418018
1392	XGBoost	aerobe	0.998329699
1393	XGBoost	aerobe	0.9905176759
1394	XGBoost	aerobe	0.9843981862
1395	XGBoost	aerobe	0.9998415709
1396	XGBoost	aerobe	0.9985369444
1397	XGBoost	aerobe	0.9982504249
1398	XGBoost	anaerobe	0.3338007629
1399	XGBoost	aerobe	0.9409771562
1400	XGBoost	anaerobe	0.2404693067
1401	XGBoost	aerobe	0.9973381162
1402	XGBoost	anaerobe	0.284616679
1403	XGBoost	aerobe	0.991227448
1404	XGBoost	aerobe	0.9753239155
1405	XGBoost	anaerobe	0.009794797748
1406	XGBoost	aerobe	0.7120580673
1407	XGBoost	aerobe	0.9998075366
1408	XGBoost	aerobe	0.999342382
1409	XGBoost	aerobe	0.7263664007
1410	XGBoost	aerobe	0.999725163
1411	XGBoost	aerobe	0.960108161
1412	XGBoost	aerobe	0.9966561794
1413	XGBoost	aerobe	0.9883918166
1414	XGBoost	aerobe	0.720284164
1415	XGBoost	aerobe	0.9957868457
1416	XGBoost	aerobe	0.9999318123
1417	XGBoost	aerobe	0.9837347269
1418	XGBoost	aerobe	0.979808867
1419	XGBoost	aerobe	0.9371322393
1420	XGBoost	aerobe	0.9985627532
1421	XGBoost	aerobe	0.9989289641
1422	XGBoost	anaerobe	0.02270510048
1423	XGBoost	anaerobe	0.01355878729
1424	XGBoost	anaerobe	0.2746043503
1425	XGBoost	anaerobe	0.07256855816
1426	XGBoost	anaerobe	0.001807353576
1427	XGBoost	aerobe	0.7803608775
1428	XGBoost	anaerobe	0.0002726821112
1429	XGBoost	anaerobe	0.001295880298
1430	XGBoost	anaerobe	0.00003971073966
1431	XGBoost	anaerobe	0.00005225660061
1432	XGBoost	aerobe	0.9752981663
1433	XGBoost	anaerobe	0.000662287348
1434	XGBoost	anaerobe	0.01040680613
1435	XGBoost	anaerobe	7.881230885686819e-7
1436	XGBoost	anaerobe	1.1277145404164912e-6
1437	XGBoost	anaerobe	1.3989891840537894e-6
1438	XGBoost	anaerobe	3.7777626857860014e-6
1439	XGBoost	anaerobe	7.796048180352955e-7
1440	XGBoost	anaerobe	2.807228838719311e-6
1441	XGBoost	aerobe	0.9038425684
1442	XGBoost	aerobe	0.6031834483
1443	XGBoost	anaerobe	0.0003576161107
1444	XGBoost	anaerobe	0.001293536741
1445	XGBoost	aerobe	0.9870944619
1446	XGBoost	aerobe	0.959033668
1447	XGBoost	aerobe	0.9950689077
1448	XGBoost	anaerobe	6.159545591799542e-6
1449	XGBoost	anaerobe	0.00009866209439
1450	XGBoost	aerobe	0.9787642956
1451	XGBoost	anaerobe	0.00002285991286
1452	XGBoost	anaerobe	0.00001966075433
1453	XGBoost	anaerobe	0.0000327257585
1454	XGBoost	anaerobe	0.1575186998
1455	XGBoost	anaerobe	0.003872351488
1456	XGBoost	aerobe	0.9988011122
1457	XGBoost	anaerobe	0.08301583678
1458	XGBoost	aerobe	0.9999204874
1459	XGBoost	anaerobe	0.1154114828
1460	XGBoost	aerobe	0.9866335392
1461	XGBoost	aerobe	0.9688884616
1462	XGBoost	anaerobe	0.0008735782467
1463	XGBoost	aerobe	0.9963495731
1464	XGBoost	anaerobe	0.0002670875692
1465	XGBoost	aerobe	0.9999969006
1466	XGBoost	aerobe	0.9998415709
1467	XGBoost	aerobe	0.9998074174
1468	XGBoost	aerobe	0.9991564751
1469	XGBoost	anaerobe	0.0009634270682
1470	XGBoost	aerobe	0.9990822077
1471	XGBoost	anaerobe	0.003359169932
1472	XGBoost	aerobe	0.752301991
1473	XGBoost	anaerobe	0.1097355857
1474	XGBoost	aerobe	0.9988251328
1475	XGBoost	anaerobe	0.1342823505
1476	XGBoost	anaerobe	0.01068699919
1477	XGBoost	aerobe	0.5325894952
1478	XGBoost	anaerobe	0.003557562828
1479	XGBoost	aerobe	0.9977654219
1480	XGBoost	aerobe	0.9986308217
1481	XGBoost	aerobe	0.9999474287
1482	XGBoost	aerobe	0.8727328777
1483	XGBoost	aerobe	0.9606525302
1484	XGBoost	anaerobe	0.0004803858174
1485	XGBoost	anaerobe	0.00004157798321
1486	XGBoost	anaerobe	0.001639585127
1487	XGBoost	anaerobe	0.00003993019345
1488	XGBoost	anaerobe	0.0002387134737
1489	XGBoost	aerobe	0.9956498742
1490	XGBoost	anaerobe	0.02336001955
1491	XGBoost	anaerobe	0.0003154411097
1492	XGBoost	anaerobe	0.2032859921
1493	XGBoost	aerobe	0.8265731335
1494	XGBoost	anaerobe	0.07975112647
1495	XGBoost	aerobe	0.9999842644
1496	XGBoost	aerobe	0.964253366
1497	XGBoost	aerobe	0.9999986887
1498	XGBoost	aerobe	0.9999969006
1499	XGBoost	aerobe	0.9999922514
1500	XGBoost	aerobe	0.9999135733
1501	XGBoost	anaerobe	4.430632714047533e-7
1502	XGBoost	anaerobe	2.038425918726716e-6
1503	XGBoost	aerobe	0.9996023774
1504	XGBoost	aerobe	0.9998903275
1505	XGBoost	aerobe	0.9869272113
1506	XGBoost	anaerobe	0.0001970451849
1507	XGBoost	anaerobe	2.6691296284298005e-7
1508	XGBoost	anaerobe	9.963446956362532e-8
1509	XGBoost	anaerobe	2.4856770863834754e-8
1510	XGBoost	anaerobe	0.001176686492
1511	XGBoost	anaerobe	1.542797534170859e-8
1512	XGBoost	anaerobe	3.8197099456738215e-6
1513	XGBoost	anaerobe	4.077238457966814e-8
1514	XGBoost	anaerobe	2.9000268568779575e-6
1515	XGBoost	anaerobe	1.255275634548525e-7
1516	XGBoost	aerobe	0.9937400818
1517	XGBoost	aerobe	0.7896072865
1518	XGBoost	aerobe	0.7607485056
1519	XGBoost	aerobe	0.9980735779
1520	XGBoost	anaerobe	0.0005645638448
1521	XGBoost	anaerobe	0.0002067011519
1522	XGBoost	anaerobe	3.3934716157091316e-6
1523	XGBoost	anaerobe	0.0002105665917
1524	XGBoost	anaerobe	5.046480055170832e-6
1525	XGBoost	anaerobe	4.151502537297347e-7
1526	XGBoost	anaerobe	7.751129942334956e-7
1527	XGBoost	anaerobe	8.259799244569876e-8
1528	XGBoost	anaerobe	0.00002207573925
1529	XGBoost	anaerobe	1.8009923223871738e-6
1530	XGBoost	anaerobe	5.156197744327073e-7
1531	XGBoost	anaerobe	1.574074843802009e-7
1532	XGBoost	anaerobe	1.5955683352331107e-7
1533	XGBoost	anaerobe	0.00002031089571
1534	XGBoost	anaerobe	3.856068815366598e-6
1535	XGBoost	anaerobe	2.4376606688747415e-7
1536	XGBoost	anaerobe	8.50803871799144e-9
1537	XGBoost	anaerobe	3.1194558687275276e-6
1538	XGBoost	anaerobe	1.3771427553876947e-8
1539	XGBoost	anaerobe	3.357658442837419e-6
1540	XGBoost	anaerobe	7.526816148129001e-7
1541	XGBoost	anaerobe	9.196137966682727e-7
1542	XGBoost	anaerobe	1.6759216237005603e-7
1543	XGBoost	anaerobe	8.743676715994297e-8
1544	XGBoost	anaerobe	1.6985410411507473e-8
1545	XGBoost	anaerobe	9.467647998917528e-8
1546	XGBoost	anaerobe	3.5746058557606375e-8
1547	XGBoost	anaerobe	3.1848745152274205e-7
1548	XGBoost	anaerobe	1.2400762727793335e-7
1549	XGBoost	anaerobe	2.419219526927918e-6
1550	XGBoost	anaerobe	0.002994815586
1551	XGBoost	anaerobe	0.06263311952
1552	XGBoost	anaerobe	9.095806490222458e-6
1553	XGBoost	anaerobe	3.588258437048353e-7
1554	XGBoost	aerobe	0.9993351102
1555	XGBoost	anaerobe	0.008705844171
1556	XGBoost	aerobe	0.9975817204
1557	XGBoost	aerobe	0.9949606657
1558	XGBoost	anaerobe	0.2498465478
1559	XGBoost	anaerobe	0.00005602680903
1560	XGBoost	anaerobe	0.000297921797
1561	XGBoost	anaerobe	0.000150774722
1562	XGBoost	anaerobe	0.001740043284
1563	XGBoost	aerobe	0.9416624904
1564	XGBoost	aerobe	0.9973173738
1565	XGBoost	aerobe	0.9994613528
1566	XGBoost	aerobe	0.9947045445
1567	XGBoost	aerobe	0.9910479188
1568	XGBoost	aerobe	0.9611203074
1569	XGBoost	anaerobe	5.501246960193384e-7
1570	XGBoost	anaerobe	0.0001799535094
1571	XGBoost	aerobe	0.6433387995
1572	XGBoost	anaerobe	0.02831436321
1573	XGBoost	anaerobe	0.1563340873
1574	XGBoost	anaerobe	0.02721184492
1575	XGBoost	aerobe	0.5618985891
1576	XGBoost	anaerobe	0.3290638924
1577	XGBoost	anaerobe	0.1540272087
1578	XGBoost	aerobe	0.6097907424
1579	XGBoost	aerobe	0.6880463958
1580	XGBoost	anaerobe	0.05684440583
1581	XGBoost	anaerobe	0.0002140411671
1582	XGBoost	anaerobe	2.5966689918277552e-6
1583	XGBoost	aerobe	0.9300681949
1584	XGBoost	anaerobe	0.00004076398545
1585	XGBoost	aerobe	0.9926714897
1586	XGBoost	aerobe	0.9995179176
1587	XGBoost	aerobe	0.9873738885
1588	XGBoost	aerobe	0.9998164773
1589	XGBoost	aerobe	0.9918497801
1590	XGBoost	aerobe	0.9560581446
1591	XGBoost	aerobe	0.9960697889
1592	XGBoost	aerobe	0.9876748323
1593	XGBoost	aerobe	0.9998728037
1594	XGBoost	aerobe	0.9763200283
1595	XGBoost	aerobe	0.9989535809
1596	XGBoost	aerobe	0.9867418408
1597	XGBoost	aerobe	0.9985087514
1598	XGBoost	aerobe	0.9999098778
1599	XGBoost	aerobe	0.9990500808
1600	XGBoost	aerobe	0.9973080158
1601	XGBoost	aerobe	0.9996626377
1602	XGBoost	aerobe	0.8628711104
1603	XGBoost	aerobe	0.9673998952
1604	XGBoost	aerobe	0.866097331
1605	XGBoost	aerobe	0.9774329066
1606	XGBoost	aerobe	0.8815501928
1607	XGBoost	aerobe	0.9443390369
1608	XGBoost	aerobe	0.9922193289
1609	XGBoost	aerobe	0.9989456534
1610	XGBoost	aerobe	0.9991759658
1611	XGBoost	aerobe	0.9297412634
1612	XGBoost	aerobe	0.9984386563
1613	XGBoost	anaerobe	0.02095601521
1614	XGBoost	anaerobe	0.02739100531
1615	XGBoost	anaerobe	0.00003623303928
1616	XGBoost	anaerobe	0.0005342303193
1617	XGBoost	anaerobe	0.01364558656
1618	XGBoost	anaerobe	4.344965418567881e-7
1619	XGBoost	anaerobe	8.41533619677648e-7
1620	XGBoost	aerobe	0.8081727028
1621	XGBoost	anaerobe	0.0001674057858
1622	XGBoost	aerobe	0.9877892733
1623	XGBoost	anaerobe	0.00009330113971
1624	XGBoost	anaerobe	0.00001761357453
1625	XGBoost	anaerobe	7.793462827976327e-6
1626	XGBoost	anaerobe	0.06906621903
1627	XGBoost	aerobe	0.9980288148
1628	XGBoost	aerobe	0.9990164042
1629	XGBoost	aerobe	0.8736605048
1630	XGBoost	aerobe	0.9213263988
1631	XGBoost	aerobe	0.9991532564
1632	XGBoost	aerobe	0.9999972582
1633	XGBoost	aerobe	0.9957767725
1634	XGBoost	anaerobe	0.0001336800487
1635	XGBoost	aerobe	0.9909590483
1636	XGBoost	anaerobe	0.01658369601
1637	XGBoost	aerobe	0.9884027839
1638	XGBoost	aerobe	0.9647808075
1639	XGBoost	aerobe	0.9989131689
1640	XGBoost	aerobe	0.9999587536
1641	XGBoost	aerobe	0.9999359846
1642	XGBoost	aerobe	0.8748957515
1643	XGBoost	anaerobe	0.0000272779107
1644	XGBoost	anaerobe	0.1483062059
1645	XGBoost	anaerobe	0.0002931536292
1646	XGBoost	anaerobe	0.2286164016
1647	XGBoost	anaerobe	0.06206448376
1648	XGBoost	aerobe	0.9999936819
1649	XGBoost	aerobe	0.9367082119
1650	XGBoost	aerobe	0.999997735
1651	XGBoost	aerobe	0.9999979734
1652	XGBoost	aerobe	0.999981761
1653	XGBoost	anaerobe	0.00001593727393
1654	XGBoost	aerobe	0.999551475
1655	XGBoost	aerobe	0.990023911
1656	XGBoost	anaerobe	0.00001763049659
1657	XGBoost	anaerobe	2.408029899925168e-7
1658	XGBoost	anaerobe	5.9259470219785726e-8
1659	XGBoost	anaerobe	1.8022067393985708e-8
1660	XGBoost	anaerobe	0.00612230273
1661	XGBoost	anaerobe	2.1099970126670087e-6
1662	XGBoost	anaerobe	4.172176559791296e-8
1663	XGBoost	aerobe	0.9962663054
1664	XGBoost	anaerobe	0.07573784143
1665	XGBoost	aerobe	0.9683758616
1666	XGBoost	anaerobe	0.00001934037755
1667	XGBoost	anaerobe	0.00002030946416
1668	XGBoost	anaerobe	2.9729833386227256e-6
1669	XGBoost	anaerobe	2.3911346147542645e-7
1670	XGBoost	anaerobe	4.8072134717358495e-8
1671	XGBoost	anaerobe	6.614452559006168e-7
1672	XGBoost	anaerobe	1.10871792458056e-6
1673	XGBoost	anaerobe	9.495423682892579e-7
1674	XGBoost	anaerobe	2.0825650537403817e-8
1675	XGBoost	anaerobe	9.368719133817649e-9
1676	XGBoost	anaerobe	1.916040218929993e-6
1677	XGBoost	anaerobe	4.055054603213648e-7
1678	XGBoost	anaerobe	3.279760818486466e-8
1679	XGBoost	anaerobe	5.724899665437988e-7
1680	XGBoost	anaerobe	0.0001693758677
1681	XGBoost	anaerobe	0.01166121848
1682	XGBoost	aerobe	0.9956277609
1683	XGBoost	anaerobe	0.0002515695523
1684	XGBoost	anaerobe	0.00003982527414
1685	XGBoost	anaerobe	0.04937974364
1686	XGBoost	aerobe	0.9920891523
1687	XGBoost	aerobe	0.9997929931
1688	XGBoost	aerobe	0.9993948936
1689	XGBoost	anaerobe	0.00005726241216
1690	XGBoost	aerobe	0.6081351042
1691	XGBoost	anaerobe	0.09127759188
1692	XGBoost	anaerobe	0.1570826471
1693	XGBoost	anaerobe	0.4683933258
1694	XGBoost	aerobe	0.6784560084
1695	XGBoost	anaerobe	0.4872039855
1696	XGBoost	anaerobe	0.06252351403
1697	XGBoost	anaerobe	4.081027327629272e-6
1698	XGBoost	anaerobe	0.04080751911
1699	XGBoost	aerobe	0.8791821003
1700	XGBoost	aerobe	0.9996187687
1701	XGBoost	aerobe	0.9684709907
1702	XGBoost	aerobe	0.9961460829
1703	XGBoost	aerobe	0.9601426721
1704	XGBoost	aerobe	0.9718378782
1705	XGBoost	aerobe	0.8218820095
1706	XGBoost	aerobe	0.9953069091
1707	XGBoost	aerobe	0.9998014569
1708	XGBoost	aerobe	0.9991744161
1709	XGBoost	aerobe	0.9991039634
1710	XGBoost	aerobe	0.8968604207
1711	XGBoost	anaerobe	0.4518193901
1712	XGBoost	aerobe	0.8936320543
1713	XGBoost	aerobe	0.998765707
1714	XGBoost	aerobe	0.9804441929
1715	XGBoost	anaerobe	0.001153138233
1716	XGBoost	anaerobe	3.9391079553752206e-7
1717	XGBoost	anaerobe	5.127436452312395e-6
1718	XGBoost	anaerobe	0.2173500359
1719	XGBoost	anaerobe	0.00002150620639
1720	XGBoost	anaerobe	0.3904973567
1721	XGBoost	anaerobe	0.00004492627704
1722	XGBoost	anaerobe	0.1236136183
1723	XGBoost	aerobe	0.9193623662
1724	XGBoost	aerobe	0.8444925547
1725	XGBoost	aerobe	0.9484834671
1726	XGBoost	aerobe	0.9944201112
1727	XGBoost	aerobe	0.9999983311
1728	XGBoost	aerobe	0.9965464473
1729	XGBoost	anaerobe	7.815598110028077e-6
1730	XGBoost	anaerobe	0.3164950311
1731	XGBoost	anaerobe	0.340272516
1732	XGBoost	aerobe	0.9972326159
1733	XGBoost	aerobe	0.9998743534
1734	XGBoost	aerobe	0.999990344
1735	XGBoost	aerobe	0.9942282438
1736	XGBoost	anaerobe	0.00002598896208
1737	XGBoost	anaerobe	0.0002072814095
1738	XGBoost	anaerobe	0.3474817574
1739	XGBoost	aerobe	0.800665915
1740	XGBoost	aerobe	0.9999992847
1741	XGBoost	aerobe	0.9999779463
1742	XGBoost	anaerobe	0.01061171666
1743	XGBoost	anaerobe	3.607558340945616e-8
1744	XGBoost	anaerobe	7.053078832086612e-8
1745	XGBoost	anaerobe	1.2658722958747148e-8
1746	XGBoost	anaerobe	1.605054400499739e-8
1747	XGBoost	anaerobe	0.271890521
1748	XGBoost	anaerobe	3.5989577895634284e-7
1749	XGBoost	anaerobe	6.579168765341592e-9
1750	XGBoost	anaerobe	6.83140399360127e-7
1751	XGBoost	anaerobe	3.7891572901571635e-7
1752	XGBoost	anaerobe	1.3094356177134614e-7
1753	XGBoost	anaerobe	1.0806719963341038e-8
1754	XGBoost	anaerobe	2.498035200915183e-7
1755	XGBoost	anaerobe	0.0002292777062
1756	XGBoost	anaerobe	0.0006987995002
1757	XGBoost	aerobe	0.9952202439
1758	XGBoost	anaerobe	0.00001010609049
1759	XGBoost	anaerobe	0.06909885257
1760	XGBoost	aerobe	0.9996122718
1761	XGBoost	anaerobe	0.00009826371388
1762	XGBoost	anaerobe	0.02742837742
1763	XGBoost	anaerobe	0.2809602916
1764	XGBoost	aerobe	0.5443466902
1765	XGBoost	aerobe	0.5960590243
1766	XGBoost	anaerobe	0.03055973165
1767	XGBoost	anaerobe	0.0007377589354
1768	XGBoost	anaerobe	0.3833475113
1769	XGBoost	aerobe	0.9993769526
1770	XGBoost	aerobe	0.9958480597
1771	XGBoost	aerobe	0.7367020845
1772	XGBoost	aerobe	0.9887292981
1773	XGBoost	aerobe	0.9994338155
1774	XGBoost	aerobe	0.9989981055
1775	XGBoost	anaerobe	0.3037420511
1776	XGBoost	aerobe	0.9372729659
1777	XGBoost	aerobe	0.9341694117
1778	XGBoost	anaerobe	0.004891917109
1779	XGBoost	anaerobe	1.691790458835385e-7
1780	XGBoost	anaerobe	0.000288990268
1781	XGBoost	aerobe	0.7557216287
1782	XGBoost	anaerobe	0.2633463144
1783	XGBoost	anaerobe	0.00001864589649
1784	XGBoost	anaerobe	0.001094174339
1785	XGBoost	aerobe	0.9953408241
1786	XGBoost	aerobe	0.8704377413
1787	XGBoost	anaerobe	0.3973953724
1788	XGBoost	aerobe	0.999984622
1789	XGBoost	aerobe	0.9966307282
1790	XGBoost	anaerobe	0.004370827693
1791	XGBoost	aerobe	0.9905023575
1792	XGBoost	aerobe	0.9999834299
1793	XGBoost	aerobe	0.9917423725
1794	XGBoost	anaerobe	0.0003039820294
1795	XGBoost	anaerobe	0.0002635406854
1796	XGBoost	anaerobe	0.005038070958
1797	XGBoost	aerobe	0.9999964237
1798	XGBoost	anaerobe	3.4266001147642555e-9
1799	XGBoost	anaerobe	1.3931289899460353e-8
1800	XGBoost	anaerobe	0.0004150029272
1801	XGBoost	anaerobe	2.558259666329832e-7
1802	XGBoost	anaerobe	1.7120217421506823e-7
1803	XGBoost	anaerobe	1.5723794888344855e-7
1804	XGBoost	anaerobe	1.0083639701008451e-8
1805	XGBoost	anaerobe	2.1424878582365636e-7
1806	XGBoost	aerobe	0.992941618
1807	XGBoost	anaerobe	0.3191807568
1808	XGBoost	anaerobe	0.01145328674
1809	XGBoost	aerobe	0.9994396567
1810	XGBoost	anaerobe	0.0003919089504
1811	XGBoost	anaerobe	0.01825097948
1812	XGBoost	anaerobe	0.4008193612
1813	XGBoost	anaerobe	0.2862310708
1814	XGBoost	anaerobe	0.322294265
1815	XGBoost	anaerobe	0.0518190451
1816	XGBoost	anaerobe	0.004463470075
1817	XGBoost	aerobe	0.9935364127
1818	XGBoost	aerobe	0.9920817614
1819	XGBoost	aerobe	0.9996621609
1820	XGBoost	aerobe	0.9278055429
1821	XGBoost	aerobe	0.9578396082
1822	XGBoost	aerobe	0.9739832282
1823	XGBoost	anaerobe	0.01128683332
1824	XGBoost	anaerobe	1.0629688773633461e-7
1825	XGBoost	anaerobe	0.009432180785
1826	XGBoost	aerobe	0.9723275304
1827	XGBoost	anaerobe	0.0001922562806
1828	XGBoost	anaerobe	0.00005541679639
1829	XGBoost	anaerobe	0.0002686925582
1830	XGBoost	aerobe	0.8944422603
1831	XGBoost	anaerobe	0.2333485037
1832	XGBoost	aerobe	0.9999969006
1833	XGBoost	aerobe	0.584163785
1834	XGBoost	aerobe	0.9963642955
1835	XGBoost	aerobe	0.9999358654
1836	XGBoost	anaerobe	5.20872754350421e-6
1837	XGBoost	anaerobe	0.02860942297
1838	XGBoost	aerobe	0.9999984503
1839	XGBoost	anaerobe	6.4367240426577155e-9
1840	XGBoost	anaerobe	5.940576919272189e-9
1841	XGBoost	anaerobe	0.00006647874397
1842	XGBoost	anaerobe	1.0138626294065034e-7
1843	XGBoost	anaerobe	1.196753345311663e-7
1844	XGBoost	anaerobe	3.46865327571777e-8
1845	XGBoost	anaerobe	5.7031790845485375e-8
1846	XGBoost	aerobe	0.9959326386
1847	XGBoost	anaerobe	0.32221663
1848	XGBoost	aerobe	0.9993983507
1849	XGBoost	anaerobe	0.0004046307295
1850	XGBoost	anaerobe	0.1580235958
1851	XGBoost	anaerobe	0.07428732514
1852	XGBoost	anaerobe	0.000424272439
1853	XGBoost	aerobe	0.9988596439
1854	XGBoost	aerobe	0.9994656444
1855	XGBoost	aerobe	0.9991106391
1856	XGBoost	anaerobe	0.02056728303
1857	XGBoost	anaerobe	3.1288931268136366e-7
1858	XGBoost	anaerobe	0.0000446148224
1859	XGBoost	anaerobe	0.0002033408673
1860	XGBoost	aerobe	0.88011235
1861	XGBoost	aerobe	0.9999799728
1862	XGBoost	aerobe	0.675270021
1863	XGBoost	aerobe	0.8273386955
1864	XGBoost	aerobe	0.9974085689
1865	XGBoost	anaerobe	6.507412763312459e-6
1866	XGBoost	anaerobe	0.05820534378
1867	XGBoost	aerobe	0.9999986887
1868	XGBoost	anaerobe	1.5952238641148142e-8
1869	XGBoost	anaerobe	0.00001506640092
1870	XGBoost	anaerobe	5.0982254862219634e-8
1871	XGBoost	anaerobe	1.6837891791965376e-7
1872	XGBoost	anaerobe	1.4919025659310137e-7
1873	XGBoost	aerobe	0.9993720651
1874	XGBoost	anaerobe	0.1841862649
1875	XGBoost	aerobe	0.9997293353
1876	XGBoost	anaerobe	0.0002091680799
1877	XGBoost	anaerobe	0.1315520406
1878	XGBoost	anaerobe	0.1595867425
1879	XGBoost	aerobe	0.9986675978
1880	XGBoost	aerobe	0.9964828491
1881	XGBoost	aerobe	0.9947072268
1882	XGBoost	anaerobe	0.0735251382
1883	XGBoost	anaerobe	3.7170170799072366e-6
1884	XGBoost	anaerobe	0.00003356940942
1885	XGBoost	anaerobe	0.03859140351
1886	XGBoost	aerobe	0.9995164871
1887	XGBoost	anaerobe	0.4204868376
1888	XGBoost	anaerobe	5.9111071095685475e-6
1889	XGBoost	anaerobe	0.001933749299
1890	XGBoost	aerobe	0.9999859333
1891	XGBoost	anaerobe	5.81137783228769e-7
1892	XGBoost	anaerobe	0.00007365031342
1893	XGBoost	anaerobe	1.6070853092742254e-8
1894	XGBoost	anaerobe	2.481001892817858e-8
1895	XGBoost	anaerobe	3.08422549721854e-8
1896	XGBoost	aerobe	0.9999022484
1897	XGBoost	aerobe	0.989700079
1898	XGBoost	anaerobe	0.05690241233
1899	XGBoost	aerobe	0.9169030786
1900	XGBoost	aerobe	0.9976270795
1901	XGBoost	aerobe	0.9846310019
1902	XGBoost	anaerobe	0.00001310235621
1903	XGBoost	anaerobe	0.0005968835321
1904	XGBoost	anaerobe	0.001229445101
1905	XGBoost	aerobe	0.973058939
1906	XGBoost	anaerobe	0.0994374156
1907	XGBoost	anaerobe	2.189045972045278e-6
1908	XGBoost	anaerobe	0.000349763548
1909	XGBoost	aerobe	0.9999471903
1910	XGBoost	anaerobe	0.0000130910912
1911	XGBoost	anaerobe	3.550591998191521e-8
1912	XGBoost	anaerobe	2.427744583144431e-8
1913	XGBoost	aerobe	0.9998300076
1914	XGBoost	anaerobe	0.06281143427
1915	XGBoost	anaerobe	0.1767098159
1916	XGBoost	aerobe	0.9921786785
1917	XGBoost	aerobe	0.9782086611
1918	XGBoost	anaerobe	0.0001560168603
1919	XGBoost	anaerobe	0.00008673132834
1920	XGBoost	anaerobe	0.0001789554371
1921	XGBoost	anaerobe	0.0000169608993
1922	XGBoost	aerobe	0.5692483187
1923	XGBoost	anaerobe	0.0003847347107
1924	XGBoost	aerobe	0.9995194674
1925	XGBoost	anaerobe	0.00001465383775
1926	XGBoost	anaerobe	1.2118821501871935e-8
1927	XGBoost	anaerobe	3.776911938757621e-8
1928	XGBoost	aerobe	0.9997116923
1929	XGBoost	anaerobe	0.06558271497
1930	XGBoost	aerobe	0.9960494637
1931	XGBoost	aerobe	0.9698552489
1932	XGBoost	anaerobe	0.00007004843064
1933	XGBoost	anaerobe	0.00004516399713
1934	XGBoost	anaerobe	0.0008502901765
1935	XGBoost	anaerobe	0.0003049893421
1936	XGBoost	aerobe	0.9979643822
1937	XGBoost	anaerobe	9.771537406777497e-6
1938	XGBoost	anaerobe	1.134828764293161e-8
1939	XGBoost	anaerobe	7.994056083759915e-9
1940	XGBoost	aerobe	0.9993656278
1941	XGBoost	anaerobe	0.01152561791
1942	XGBoost	aerobe	0.9892501831
1943	XGBoost	aerobe	0.9915174842
1944	XGBoost	anaerobe	0.0001029075429
1945	XGBoost	anaerobe	0.00001250623973
1946	XGBoost	aerobe	0.5364325047
1947	XGBoost	aerobe	0.9985587001
1948	XGBoost	anaerobe	1.64033338023728e-8
1949	XGBoost	anaerobe	3.4413762950435967e-9
1950	XGBoost	aerobe	0.9986670017
1951	XGBoost	aerobe	0.9993880987
1952	XGBoost	aerobe	0.9754805565
1953	XGBoost	anaerobe	0.00002154087269
1954	XGBoost	anaerobe	9.3355483841151e-6
1955	XGBoost	aerobe	0.964176476
1956	XGBoost	aerobe	0.9986219406
1957	XGBoost	anaerobe	3.6873355480082637e-9
1958	XGBoost	aerobe	0.9990177155
1959	XGBoost	aerobe	0.9865354896
1960	XGBoost	aerobe	0.9784227014
1961	XGBoost	anaerobe	0.00005418540604
1962	XGBoost	anaerobe	0.1672526747
1963	XGBoost	aerobe	0.9741539359
1964	XGBoost	anaerobe	7.58602158867916e-9
1965	XGBoost	aerobe	0.9984622002
1966	XGBoost	aerobe	0.9791134
1967	XGBoost	aerobe	0.938350141
1968	XGBoost	anaerobe	0.0002361324296
1969	XGBoost	anaerobe	0.3332982957
1970	XGBoost	anaerobe	0.1557599008
1971	XGBoost	aerobe	0.9139772058
1972	XGBoost	anaerobe	0.3627701402
1973	XGBoost	aerobe	0.8466370106
1974	XGBoost	anaerobe	0.000264174887
1975	XGBoost	anaerobe	0.005291378591
1976	XGBoost	aerobe	0.97624892
1977	XGBoost	anaerobe	0.1444471776
1978	XGBoost	aerobe	0.6440134645
1979	XGBoost	anaerobe	0.0008611897938
1980	XGBoost	anaerobe	0.001879360992
1981	XGBoost	anaerobe	0.02300054207
1982	XGBoost	anaerobe	0.1738768965
1983	XGBoost	anaerobe	0.01360659488
1984	XGBoost	anaerobe	0.4516587853
1985	XGBoost	anaerobe	0.03271073475
1986	XGBoost	anaerobe	0.0003927621001
1987	XGBoost	anaerobe	0.00002837421744
1988	XGBoost	anaerobe	0.01139701717
1989	XGBoost	anaerobe	0.00003227407069
1990	XGBoost	anaerobe	4.367719554920768e-7
1991	XGBoost	anaerobe	0.1327216476
1992	XGBoost	anaerobe	8.63553211161161e-8
1993	XGBoost	anaerobe	0.00001708854506
1994	XGBoost	anaerobe	6.510576611162833e-8
1995	XGBoost	anaerobe	0.00003126762022
1996	XGBoost	anaerobe	1.1093679574969428e-7
1997	XGBoost	anaerobe	1.6180107422769652e-6
1998	XGBoost	anaerobe	1.098637881113973e-6
1999	XGBoost	anaerobe	1.721998614812037e-6
2000	XGBoost	anaerobe	3.2054806524683954e-6
2001	XGBoost	anaerobe	0.00001010870164
2002	XGBoost	anaerobe	1.1332950862197322e-6
2003	XGBoost	anaerobe	9.404308912053239e-6
2004	XGBoost	anaerobe	4.121453457628377e-6
2005	XGBoost	anaerobe	5.892067292734282e-6
2006	XGBoost	anaerobe	0.0007340704324
2007	XGBoost	anaerobe	0.00005088832404
2008	XGBoost	anaerobe	0.002449298277
2009	XGBoost	anaerobe	0.02680250257
2010	XGBoost	anaerobe	0.0009304765263
2011	XGBoost	anaerobe	0.05584890768
2012	XGBoost	anaerobe	0.2821747065
